rank,name,team,position,bye,best,worst,ecp,ecp_std_dev,adp,ecp_vs_adp

1,David Johnson,ARI,RB1,8,1,2,1.2,0.4,1.0,0.0
2,Le'Veon Bell,PIT,RB2,9,1,3,1.8,0.4,2.0,0.0
3,Antonio Brown,PIT,WR1,9,2,5,3.1,0.4,3.0,0.0
4,Julio Jones,ATL,WR2,5,3,13,5.4,2.0,4.0,0.0
5,Odell Beckham Jr.,NYG,WR3,8,3,11,5.8,1.3,5.0,0.0
6,LeSean McCoy,BUF,RB3,6,3,20,6.5,2.8,6.0,0.0
7,Melvin Gordon,LAC,RB4,9,3,18,8.5,3.0,10.0,+3.0
8,A.J. Green,CIN,WR4,6,4,22,9.0,2.9,8.0,0.0
9,Mike Evans,TB,WR5,11,4,16,9.1,2.6,7.0,-2.0
10,Devonta Freeman,ATL,RB5,5,4,20,9.4,2.8,9.0,-1.0
11,Jordy Nelson,GB,WR6,8,5,17,10.9,2.7,11.0,0.0
12,Jay Ajayi,MIA,RB6,11,4,32,13.2,4.6,15.0,+3.0
13,DeMarco Murray,TEN,RB7,8,7,36,13.7,4.2,13.0,0.0
14,Jordan Howard,CHI,RB8,9,7,28,14.0,4.6,14.0,0.0
15,Michael Thomas,NO,WR7,5,8,152,15.9,16.8,12.0,-3.0
16,Dez Bryant,DAL,WR8,6,12,33,18.6,4.0,17.0,+1.0
17,Todd Gurley,LAR,RB9,8,9,40,19.5,5.8,18.0,+1.0
18,Doug Baldwin,SEA,WR9,6,14,53,20.3,5.2,22.0,+4.0
19,Amari Cooper,OAK,WR10,10,13,54,20.6,5.5,19.0,0.0
20,T.Y. Hilton,IND,WR11,11,12,39,21.9,5.5,21.0,+1.0
21,Brandin Cooks,NE,WR12,9,12,74,23.0,9.8,24.0,+3.0
22,Rob Gronkowski,NE,TE1,9,14,91,23.8,11.0,20.0,-2.0
23,Demaryius Thomas,DEN,WR13,5,17,52,27.7,6.5,29.0,+6.0
24,DeAndre Hopkins,HOU,WR14,7,16,42,28.1,5.9,27.0,+3.0
25,Leonard Fournette,JAC,RB10,8,12,72,28.1,11.1,25.0,0.0
26,Isaiah Crowell,CLE,RB11,9,14,58,28.6,8.1,33.0,+7.0
27,Ezekiel Elliott,DAL,RB12,6,4,102,29.4,14.6,16.0,-11.0
28,Lamar Miller,HOU,RB13,7,11,79,32.4,11.8,28.0,0.0
29,Terrelle Pryor,WAS,WR15,5,18,81,35.7,11.4,31.0,+2.0
30,Keenan Allen,LAC,WR16,9,18,78,35.9,9.9,32.0,+2.0
31,Travis Kelce,KC,TE2,10,21,58,36.1,6.5,34.0,+3.0
32,Alshon Jeffery,PHI,WR17,10,20,75,37.1,10.1,37.0,+5.0
33,Aaron Rodgers,GB,QB1,8,25,227,37.7,25.1,23.0,-10.0
34,Allen Robinson,JAC,WR18,8,22,61,37.4,8.9,45.0,+11.0
35,Dalvin Cook,MIN,RB14,9,14,106,38.5,16.4,35.0,0.0
36,Marshawn Lynch,OAK,RB15,10,20,101,39.0,14.8,36.0,0.0
37,Carlos Hyde,SF,RB16,11,15,68,39.8,10.5,44.0,+7.0
38,Davante Adams,GB,WR19,8,16,85,40.0,12.4,38.0,0.0
39,Michael Crabtree,OAK,WR20,10,25,76,41.0,9.3,39.0,0.0
40,Tom Brady,NE,QB2,9,29,113,39.5,10.4,30.0,-10.0
41,Christian McCaffrey,CAR,RB17,11,19,96,42.2,15.3,26.0,-15.0
42,Ty Montgomery,GB,RB18,8,16,152,44.5,19.4,41.0,-1.0
43,Golden Tate,DET,WR21,7,25,84,44.9,11.4,46.0,+3.0
44,Larry Fitzgerald,ARI,WR22,8,10,99,45.5,13.6,47.0,+3.0
45,Drew Brees,NO,QB3,5,33,110,44.7,9.9,42.0,-3.0
46,Kareem Hunt,KC,RB19,10,15,121,48.0,26.6,68.0,+22.0
47,Greg Olsen,CAR,TE3,11,36,73,50.7,6.8,48.0,+1.0
48,Mark Ingram,NO,RB20,5,14,85,50.8,12.3,54.0,+6.0
49,Joe Mixon,CIN,RB21,6,19,146,50.9,20.1,40.0,-9.0
50,Sammy Watkins,LAR,WR23,8,21,113,53.6,17.6,52.0,+2.0
51,C.J. Anderson,DEN,RB22,5,23,118,54.3,15.3,60.0,+9.0
52,Jarvis Landry,MIA,WR24,11,16,89,54.5,16.0,43.0,-9.0
53,Jordan Reed,WAS,TE4,5,31,107,54.8,13.1,50.0,-3.0
54,Tyreek Hill,KC,WR25,10,8,137,55.5,17.0,49.0,-5.0
55,Emmanuel Sanders,DEN,WR26,5,34,110,56.1,14.4,58.0,+3.0
56,Bilal Powell,NYJ,RB23,11,27,107,57.9,14.3,59.0,+3.0
57,Martavis Bryant,PIT,WR27,9,30,123,59.1,16.8,51.0,-6.0
58,Stefon Diggs,MIN,WR28,9,26,91,60.0,15.5,55.0,-3.0
59,Jimmy Graham,SEA,TE5,6,46,92,60.6,9.5,57.0,-2.0
60,Russell Wilson,SEA,QB4,6,30,131,59.5,13.5,64.0,+4.0
61,Jamison Crowder,WAS,WR29,5,32,115,62.4,15.4,62.0,+1.0
62,Ameer Abdullah,DET,RB24,7,38,138,64.5,16.3,63.0,+1.0
63,Kelvin Benjamin,CAR,WR30,11,24,116,65.3,16.0,53.0,-10.0
64,Tevin Coleman,ATL,RB25,5,27,94,66.3,13.0,67.0,+3.0
65,Matt Ryan,ATL,QB5,5,36,122,64.4,15.1,56.0,-9.0
66,Danny Woodhead,BAL,RB26,10,21,189,69.6,22.9,61.0,-5.0
67,Willie Snead,NO,WR31,5,41,113,69.9,13.4,65.0,-2.0
68,Brandon Marshall,NYG,WR32,8,37,117,72.4,17.3,66.0,-2.0
69,Frank Gore,IND,RB27,11,24,137,73.2,16.2,76.0,+7.0
70,Mike Gillislee,NE,RB28,9,39,130,74.1,16.3,72.0,+2.0
71,Tyler Eifert,CIN,TE6,6,53,113,74.6,11.8,75.0,+4.0
72,Pierre Garcon,SF,WR33,11,44,157,75.2,19.3,71.0,-1.0
73,Kirk Cousins,WAS,QB6,5,50,121,74.1,14.4,82.0,+9.0
74,Kyle Rudolph,MIN,TE7,9,44,115,76.7,12.6,69.0,-5.0
75,Andrew Luck,IND,QB7,11,34,151,77.8,22.6,83.0,+8.0
76,Marcus Mariota,TEN,QB8,8,50,139,79.8,16.5,86.0,+10.0
77,Devante Parker,MIA,WR34,11,50,128,82.3,17.5,70.0,-7.0
78,Jeremy Maclin,BAL,WR35,10,44,138,81.1,17.1,88.0,+10.0
79,Doug Martin,TB,RB29,11,42,143,83.8,22.2,77.0,-2.0
80,Donte Moncrief,IND,WR36,11,39,140,83.9,19.3,85.0,+5.0
81,DeSean Jackson,TB,WR37,11,55,143,85.2,15.9,87.0,+6.0
82,Adrian Peterson,NO,RB30,5,39,171,85.4,22.3,73.0,-9.0
83,Jameis Winston,TB,QB9,11,48,129,85.0,17.3,78.0,-5.0
84,Delanie Walker,TEN,TE8,8,19,117,86.9,15.8,74.0,-10.0
85,Cam Newton,CAR,QB10,11,46,140,86.2,19.1,91.0,+6.0
86,Zach Ertz,PHI,TE9,10,40,115,88.3,14.9,81.0,-5.0
87,Paul Perkins,NYG,RB31,8,43,228,89.0,25.0,80.0,-7.0
88,Tyrell Williams,LAC,WR38,9,41,129,90.0,19.6,98.0,+10.0
89,Terrance West,BAL,RB32,10,26,234,89.8,27.4,99.0,+10.0
90,Eric Decker,TEN,WR39,8,45,133,92.4,16.4,92.0,+2.0
91,Theo Riddick,DET,RB33,7,52,169,93.9,17.3,79.0,-12.0
92,Derek Carr,OAK,QB11,10,57,142,95.5,18.6,84.0,-8.0
93,Martellus Bennett,GB,TE10,8,69,127,97.4,12.5,90.0,-3.0
94,Ben Roethlisberger,PIT,QB12,9,45,152,96.1,22.4,102.0,+8.0
95,Robert Kelley,WAS,RB34,5,31,155,97.9,24.3,97.0,+2.0
96,Kenny Britt,CLE,WR40,9,49,142,99.0,15.8,104.0,+8.0
97,Randall Cobb,GB,WR41,8,59,146,101.6,17.5,94.0,-3.0
98,LeGarrette Blount,PHI,RB35,10,45,175,101.7,24.7,95.0,-3.0
99,Philip Rivers,LAC,QB13,9,57,136,100.5,16.6,116.0,+17.0
100,Eddie Lacy,SEA,RB36,6,51,158,102.5,29.4,93.0,-7.0
101,Dak Prescott,DAL,QB14,6,65,158,101.7,15.7,105.0,+4.0
102,Derrick Henry,TEN,RB37,8,73,156,103.4,19.7,89.0,-13.0
103,Jordan Matthews,BUF,WR42,6,65,162,104.4,19.1,112.0,+9.0
104,Eric Ebron,DET,TE11,7,73,139,105.1,15.8,115.0,+11.0
105,Duke Johnson,CLE,RB38,9,54,219,104.5,23.2,96.0,-9.0
106,Matthew Stafford,DET,QB15,7,54,154,106.0,20.3,109.0,+3.0
107,Adam Thielen,MIN,WR43,9,78,161,107.6,16.9,101.0,-6.0
108,Hunter Henry,LAC,TE12,9,66,173,110.2,16.3,100.0,-8.0
109,Mike Wallace,BAL,WR44,10,62,210,110.4,22.3,110.0,+1.0
110,Jonathan Stewart,CAR,RB39,11,34,152,110.5,21.1,117.0,+7.0
111,Matt Forte,NYJ,RB40,11,32,198,114.2,28.9,114.0,+3.0
112,Corey Coleman,CLE,WR45,9,83,155,114.1,16.1,106.0,-6.0
113,Andy Dalton,CIN,QB16,6,80,160,114.8,16.6,131.0,+18.0
114,Jack Doyle,IND,TE13,11,65,163,115.7,16.6,122.0,+8.0
115,John Brown,ARI,WR46,8,68,172,115.9,23.4,123.0,+8.0
116,Rishard Matthews,TEN,WR47,8,64,209,117.1,23.4,119.0,+3.0
117,James White,NE,RB41,9,69,186,115.8,20.9,107.0,-10.0
118,C.J. Prosise,SEA,RB42,6,78,166,116.8,20.2,118.0,0.0
119,Eli Manning,NYG,QB17,8,80,157,122.9,15.2,128.0,+9.0
120,Marvin Jones,DET,WR48,7,63,225,123.0,23.0,111.0,-9.0
121,Darren Sproles,PHI,RB43,10,61,221,123.1,32.1,120.0,-1.0
122,Corey Davis,TEN,WR49,8,39,255,127.7,31.2,108.0,-14.0
123,Darren McFadden,DAL,RB44,6,51,271,129.4,51.5,103.0,-20.0
124,Thomas Rawls,SEA,RB45,6,72,184,129.0,26.4,113.0,-11.0
125,Tyrod Taylor,BUF,QB18,6,61,190,129.2,22.6,156.0,+31.0
126,Coby Fleener,NO,TE14,5,87,204,130.9,20.8,155.0,+29.0
127,Carson Palmer,ARI,QB19,8,99,173,134.1,14.7,149.0,+22.0
128,Samaje Perine,WAS,RB46,5,44,211,134.4,34.0,127.0,-1.0
129,Jason Witten,DAL,TE15,6,76,189,134.5,18.2,138.0,+9.0
130,Ted Ginn,NO,WR50,5,92,256,138.9,31.8,139.0,+9.0
131,Carson Wentz,PHI,QB20,10,104,179,137.2,15.2,134.0,+3.0
132,Jacquizz Rodgers,TB,RB47,11,72,228,141.0,37.2,124.0,-8.0
133,Kevin White,CHI,WR51,9,73,256,138.8,35.7,164.0,+31.0
134,Austin Hooper,ATL,TE16,5,68,232,139.6,24.8,147.0,+13.0
135,Jeremy Hill,CIN,RB48,6,53,245,142.2,31.7,150.0,+15.0
136,Zay Jones,BUF,WR52,6,81,261,140.5,33.2,125.0,-11.0
137,Sterling Shepard,NYG,WR53,8,96,233,145.6,23.4,136.0,-1.0
138,Denver Broncos,,DST1,5,114,243,146.2,22.9,121.0,-17.0
139,Chris Hogan,NE,WR54,9,70,261,151.1,54.5,144.0,+5.0
140,Giovani Bernard,CIN,RB49,6,75,211,144.0,29.8,141.0,+1.0
141,Jamaal Williams,GB,RB50,8,67,234,144.9,33.5,137.0,-4.0
142,C.J. Fiedorowicz,HOU,TE17,7,84,233,150.2,31.0,193.0,+51.0
143,Cameron Brate,TB,TE18,11,94,247,147.3,25.4,169.0,+26.0
144,Latavius Murray,MIN,RB51,9,69,240,149.7,38.5,152.0,+8.0
145,Robby Anderson,NYJ,WR55,11,97,254,149.0,32.8,157.0,+12.0
146,Rex Burkhead,NE,RB52,9,67,241,149.8,39.5,146.0,0.0
147,Seattle Seahawks,,DST2,6,123,202,147.1,19.0,126.0,-21.0
148,Houston Texans,,DST3,7,122,199,147.2,16.7,130.0,-18.0
149,Julius Thomas,MIA,TE19,11,101,241,154.5,27.1,161.0,+12.0
150,Josh Doctson,WAS,WR56,5,106,223,153.4,24.7,153.0,+3.0
151,Tyler Lockett,SEA,WR57,6,116,245,155.9,27.0,162.0,+11.0
152,Kansas City Chiefs,,DST4,10,121,205,152.3,17.6,132.0,-20.0
153,Cole Beasley,DAL,WR58,6,55,259,159.1,36.7,143.0,-10.0
154,Antonio Gates,LAC,TE20,9,108,210,159.0,20.2,184.0,+30.0
155,Jamaal Charles,DEN,RB53,5,93,240,157.3,34.0,140.0,-15.0
156,Kenny Stills,MIA,WR59,11,85,237,161.6,26.6,182.0,+26.0
157,Joe Flacco,BAL,QB21,10,122,285,166.2,25.2,210.0,+53.0
158,Minnesota Vikings,,DST5,9,127,206,161.9,18.2,142.0,-16.0
159,Arizona Cardinals,,DST6,8,128,237,163.4,20.4,148.0,-11.0
160,Chris Thompson,WAS,RB54,5,99,244,162.8,31.1,189.0,+29.0
161,Shane Vereen,NYG,RB55,8,48,263,166.3,39.1,173.0,+12.0
162,Alvin Kamara,NO,RB56,5,103,224,164.9,26.5,165.0,+3.0
163,Marqise Lee,JAC,WR60,8,119,234,168.9,25.1,196.0,+33.0
164,Breshad Perriman,BAL,WR61,10,116,254,171.9,31.3,194.0,+30.0
165,Sam Bradford,MIN,QB22,9,113,287,169.3,28.5,185.0,+20.0
166,Kenny Golladay,DET,WR62,7,101,261,170.6,38.2,163.0,-3.0
167,DeAndre Washington,OAK,RB57,10,101,249,173.7,35.5,190.0,+23.0
168,New England Patriots,,DST7,9,126,208,169.4,18.9,145.0,-23.0
169,Robert Woods,LAR,WR63,8,89,249,176.0,38.3,228.0,+59.0
170,Jay Cutler,MIA,QB23,11,124,286,172.0,30.0,175.0,+5.0
171,Justin Tucker,BAL,K1,10,129,244,173.5,18.7,135.0,-36.0
172,Stephen Gostkowski,NE,K2,9,130,246,172.1,15.7,133.0,-39.0
173,O.J. Howard,TB,TE21,11,103,254,176.7,31.6,129.0,-44.0
174,Cooper Kupp,LAR,WR64,8,85,260,180.5,40.6,151.0,-23.0
175,Blake Bortles,JAC,QB24,8,126,283,174.0,32.5,211.0,+36.0
176,Taylor Gabriel,ATL,WR65,5,126,257,179.4,27.5,172.0,-4.0
177,Jonathan Williams,BUF,RB58,6,116,278,183.8,37.4,166.0,-11.0
178,Alex Smith,KC,QB25,10,127,284,179.3,27.0,227.0,+49.0
179,Marlon Mack,IND,RB59,11,109,314,181.6,36.9,180.0,+1.0
180,J.J. Nelson,ARI,WR66,8,99,250,182.9,32.1,206.0,+26.0
181,John Ross,CIN,WR67,6,108,248,184.3,33.7,160.0,-21.0
182,Devin Funchess,CAR,WR68,11,100,241,186.1,36.5,222.0,+40.0
183,Joe Williams,SF,RB60,11,106,265,187.2,41.5,171.0,-12.0
184,Dion Lewis,NE,RB61,9,89,271,181.2,35.2,205.0,+21.0
185,Jared Cook,OAK,TE22,10,111,264,184.0,29.5,192.0,+7.0
186,Evan Engram,NYG,TE23,8,124,245,183.1,24.5,158.0,-28.0
187,D'Onta Foreman,HOU,RB62,7,123,250,185.2,32.0,186.0,-1.0
188,Charles Sims,TB,RB63,11,100,262,184.2,33.2,255.0,+67.0
189,Allen Hurns,JAC,WR69,8,103,241,184.8,30.2,201.0,+12.0
190,Charles Clay,BUF,TE24,6,112,285,188.0,32.4,249.0,+59.0
191,New York Giants,,DST8,8,135,241,180.5,20.2,168.0,-23.0
192,Mohamed Sanu,ATL,WR70,5,68,286,190.1,36.9,176.0,-16.0
193,David Njoku,CLE,TE25,9,109,249,185.9,27.1,208.0,+15.0
194,Dan Bailey,DAL,K3,6,133,244,183.0,17.9,159.0,-35.0
195,Carolina Panthers,,DST9,11,132,208,181.6,15.7,170.0,-25.0
196,Matt Bryant,ATL,K4,5,131,241,181.5,19.0,154.0,-42.0
197,Wendell Smallwood,PHI,RB64,10,110,268,196.5,45.1,198.0,+1.0
198,Nelson Agholor,PHI,WR71,10,122,283,191.2,35.3,246.0,+48.0
199,Mason Crosby,GB,K5,8,137,250,188.6,17.3,174.0,-25.0
200,Robert Turbin,IND,RB65,11,70,288,198.2,41.0,271.0,+71.0
201,Kendall Wright,CHI,WR72,9,102,287,201.8,43.6,343.0,+142.0
202,Brian Hoyer,SF,QB26,11,147,318,198.7,32.2,250.0,+48.0
203,Jalen Richard,OAK,RB66,10,116,262,196.2,29.0,203.0,0.0
204,Malcolm Mitchell,NE,WR73,9,109,264,198.0,33.7,214.0,+10.0
205,Los Angeles Rams,,DST10,8,139,261,192.6,21.5,183.0,-22.0
206,Jacksonville Jaguars,,DST11,8,138,248,193.0,21.6,181.0,-25.0
207,Zach Miller,CHI,TE26,9,104,293,202.4,39.1,298.0,+91.0
208,Torrey Smith,PHI,WR74,10,109,279,208.5,39.1,225.0,+17.0
209,Tavon Austin,LAR,WR75,8,109,273,203.2,35.3,224.0,+15.0
210,Austin Seferian-Jenkins,NYJ,TE27,11,114,306,199.0,35.7,247.0,+37.0
211,T.J. Yeldon,JAC,RB67,8,141,278,199.0,32.4,212.0,+1.0
212,Mike Williams,LAC,WR76,9,106,289,203.7,42.8,248.0,+36.0
213,Chris Conley,KC,WR77,10,127,259,202.5,31.5,239.0,+26.0
214,Dwayne Allen,NE,TE28,9,133,272,206.4,33.0,252.0,+38.0
215,Jesse James,PIT,TE29,9,145,256,202.6,28.7,218.0,+3.0
216,Charcandrick West,KC,RB68,10,123,322,209.7,52.3,291.0,+75.0
217,Paul Richardson,SEA,WR78,6,131,282,210.9,36.8,274.0,+57.0
218,Adam Vinatieri,IND,K6,11,134,249,196.6,18.7,167.0,-51.0
219,Jerick McKinnon,MIN,RB69,9,118,283,209.9,34.7,278.0,+59.0
220,Chris Carson,SEA,RB70,6,113,254,192.0,44.0,261.0,+41.0
221,Will Fuller,HOU,WR79,7,122,270,206.2,34.1,251.0,+30.0
222,Tim Hightower,SF,RB71,11,127,295,215.0,36.5,275.0,+53.0
223,Baltimore Ravens,,DST12,10,136,256,198.4,18.4,202.0,-21.0
224,Trevor Siemian,DEN,QB27,5,137,288,211.7,29.0,280.0,+56.0
225,Devontae Booker,DEN,RB72,5,103,269,217.4,35.7,233.0,+8.0
226,Pittsburgh Steelers,,DST13,9,140,265,204.2,21.1,177.0,-49.0
227,De'Angelo Henderson,DEN,RB73,5,127,388,208.1,60.3,220.0,-7.0
228,Steven Hauschka,BUF,K7,6,141,290,210.7,30.5,209.0,-19.0
229,Jaron Brown,ARI,WR80,8,130,264,204.3,35.6,267.0,+38.0
230,Benjamin Watson,BAL,TE30,10,145,274,208.0,34.8,270.0,+40.0
231,Philadelphia Eagles,,DST14,10,142,252,206.4,20.7,213.0,-18.0
232,Danny Amendola,NE,WR81,9,138,258,203.8,33.1,197.0,-35.0
233,Eli Rogers,PIT,WR82,9,136,321,231.2,36.5,335.0,+102.0
234,Tyler Boyd,CIN,WR83,6,150,271,219.8,27.7,284.0,+50.0
235,Brandon LaFell,CIN,WR84,6,123,287,222.8,33.4,199.0,-36.0
236,Terrance Williams,DAL,WR85,6,144,299,227.1,36.5,317.0,+81.0
237,Jeremy Kerley,SF,WR86,11,75,327,216.6,40.8,321.0,+84.0
238,Jared Goff,LAR,QB28,8,149,293,217.3,27.7,288.0,+50.0
239,Kyle Juszczyk,SF,RB74,11,138,261,198.6,38.8,257.0,+18.0
240,Chris Ivory,JAC,RB75,8,150,269,228.9,29.0,234.0,-6.0
241,James Conner,PIT,RB76,9,139,276,230.7,31.5,204.0,-37.0
242,Deshaun Watson,HOU,QB29,7,152,282,216.3,28.0,179.0,-63.0
243,Cincinnati Bengals,,DST15,6,164,254,212.5,20.0,236.0,-7.0
244,Matt Prater,DET,K8,7,145,256,211.0,18.9,178.0,-66.0
245,Vance McDonald,SF,TE31,11,151,278,226.7,31.5,337.0,+92.0
246,Marquise Goodwin,SF,WR87,11,155,346,234.4,47.6,300.0,+54.0
247,Cairo Santos,KC,K9,10,144,250,212.0,18.8,191.0,-56.0
248,Oakland Raiders,,DST16,10,143,271,217.0,23.0,289.0,+41.0
249,Curtis Samuel,CAR,WR88,11,162,267,224.8,25.4,229.0,-20.0
250,Los Angeles Chargers,,DST17,9,153,278,223.6,25.9,223.0,-27.0
251,ArDarius Stewart,NYJ,WR89,11,163,280,222.6,26.7,207.0,-44.0
252,Braxton Miller,HOU,WR90,7,149,259,220.5,31.8,279.0,+27.0
253,Sebastian Janikowski,OAK,K10,10,146,259,216.6,19.6,187.0,-66.0
254,Tarik Cohen,CHI,RB77,9,142,340,235.9,47.0,266.0,+12.0
255,Jermaine Gresham,ARI,TE32,8,153,292,227.7,33.1,301.0,+46.0
256,Tampa Bay Buccaneers,,DST18,11,152,263,225.3,26.2,269.0,+13.0
257,Will Lutz,NO,K11,5,148,289,221.6,23.3,188.0,-69.0
258,Brandon McManus,DEN,K12,5,147,270,221.5,23.3,238.0,-20.0
259,Tyler Higbee,LAR,TE33,8,168,269,225.0,25.9,242.0,-17.0
260,Tom Savage,HOU,QB30,7,140,341,244.3,39.9,307.0,+47.0
261,Travis Benjamin,LAC,WR91,9,165,324,233.6,29.9,297.0,+36.0
262,Michael Floyd,MIN,WR92,9,150,311,236.4,35.0,338.0,+76.0
263,JuJu Smith-Schuster,PIT,WR93,9,152,351,236.8,41.8,264.0,+1.0
264,Laquon Treadwell,MIN,WR94,9,168,280,233.9,27.4,265.0,+1.0
265,Ryan Mathews,FA,RB78,,165,299,227.2,32.5,285.0,+20.0
266,Dustin Hopkins,WAS,K13,5,150,279,226.3,23.2,217.0,-49.0
267,Chandler Catanzaro,NYJ,K14,11,176,301,222.5,39.8,293.0,+26.0
268,Dion Sims,CHI,TE34,9,166,302,229.9,46.3,373.0,+105.0
269,Alfred Morris,DAL,RB79,6,172,286,231.6,29.3,277.0,+8.0
270,Jeremy McNichols,TB,RB80,11,157,268,230.9,25.4,237.0,-33.0
271,Chris Boswell,PIT,K15,9,151,273,231.6,21.0,241.0,-30.0
272,Javorius Allen,BAL,RB81,10,160,307,240.3,38.9,339.0,+67.0
273,Erik Swoope,IND,TE35,11,180,279,228.6,28.7,286.0,+13.0
274,Elijah Hood,OAK,RB82,10,136,404,259.1,58.9,,
275,Adam Humphries,TB,WR95,11,140,365,258.6,69.4,344.0,+69.0
276,Tennessee Titans,,DST19,8,166,285,232.9,34.6,235.0,-41.0
277,Graham Gano,CAR,K16,11,149,275,228.5,21.1,253.0,-24.0
278,DeShone Kizer,CLE,QB31,9,177,300,235.9,28.4,306.0,+28.0
279,Seth Roberts,OAK,WR96,10,165,339,244.0,40.1,341.0,+62.0
280,Green Bay Packers,,DST20,8,180,277,221.1,18.9,282.0,+2.0
281,Buffalo Bills,,DST21,6,156,273,232.4,24.8,240.0,-41.0
282,Jeremy Langford,CHI,RB83,9,172,298,251.4,31.3,273.0,-9.0
283,Orleans Darkwa,NYG,RB84,8,158,272,229.4,30.9,331.0,+48.0
284,Maxx Williams,BAL,TE36,10,173,340,242.3,61.1,381.0,+97.0
285,Atlanta Falcons,,DST22,5,183,264,228.0,24.8,195.0,-90.0
286,Mitch Trubisky,CHI,QB32,9,157,294,244.1,32.9,260.0,-26.0
287,New York Jets,,DST23,11,188,328,238.5,45.2,283.0,-4.0
288,Kenyan Drake,MIA,RB85,11,171,319,243.9,34.4,215.0,-73.0
289,Will Tye,NYG,TE37,8,159,351,273.7,57.2,,
290,Alfred Blue,HOU,RB86,7,179,275,212.3,44.3,366.0,+76.0
291,Aaron Jones,GB,RB87,8,161,384,255.4,44.0,259.0,-32.0
292,Jermaine Kearse,SEA,WR97,6,164,314,248.5,40.8,305.0,+13.0
293,Jimmy Garoppolo,NE,QB33,9,164,343,263.4,68.3,303.0,+10.0
294,Charone Peake,NYJ,WR98,11,183,283,230.8,30.3,378.0,+84.0
295,Zach Zenner,DET,RB88,7,185,284,237.4,22.7,219.0,-76.0
296,Josh McCown,NYJ,QB34,11,179,291,241.4,23.1,262.0,-34.0
297,Josh Lambo,LAC,K17,9,184,308,245.0,31.9,308.0,+11.0
298,Benny Cunningham,CHI,RB89,9,176,278,251.2,37.9,,
299,Wayne Gallman,NYG,RB90,8,177,305,246.7,27.8,330.0,+31.0
300,Markus Wheaton,CHI,WR99,9,177,320,255.8,36.6,368.0,+68.0
301,Nick Folk,TB,K18,11,178,302,262.6,44.5,,
302,Nick Novak,HOU,K19,7,187,291,240.1,33.5,314.0,+12.0
303,Mike Glennon,CHI,QB35,9,187,289,232.4,18.7,311.0,+8.0
304,Gerald Everett,LAR,TE38,8,193,254,220.1,22.7,327.0,+23.0
305,Dwayne Washington,DET,RB91,7,186,277,242.9,28.7,346.0,+41.0
306,Vernon Davis,WAS,TE39,5,190,320,240.6,26.3,325.0,+19.0
307,Dallas Cowboys,,DST24,6,188,323,248.0,35.0,310.0,+3.0
308,Matt Jones,WAS,RB92,5,188,299,260.8,27.2,320.0,+12.0
309,Marcedes Lewis,JAC,TE40,8,189,257,223.0,34.0,,
310,Miami Dolphins,,DST25,11,191,292,241.4,21.2,304.0,-6.0
311,Albert Wilson,KC,WR100,10,191,297,242.9,27.9,,
312,Tajae Sharpe,TEN,WR101,8,191,391,258.4,44.1,281.0,-31.0
313,Kenneth Farrow,LAC,RB93,9,191,380,304.3,81.6,,
314,Ryan Succop,TEN,K20,8,193,328,252.9,45.4,324.0,+10.0
315,Taywan Taylor,TEN,WR102,8,193,345,253.8,36.8,,
316,Ladarius Green,FA,TE41,,194,298,241.4,29.5,294.0,-22.0
317,Lance Kendricks,GB,TE42,8,194,333,274.6,45.3,,
318,Brock Osweiler,CLE,QB36,9,195,330,255.5,53.4,345.0,+27.0
319,A.J. Derby,DEN,TE43,5,196,309,242.2,31.0,,
320,Jaelen Strong,HOU,WR103,7,196,332,250.5,43.8,375.0,+55.0
321,Chicago Bears,,DST26,9,196,344,252.7,47.5,315.0,-6.0
322,Phillip Dorsett,IND,WR104,11,197,331,249.4,31.9,329.0,+7.0
323,Seth DeValve,CLE,TE44,9,198,372,253.9,52.9,369.0,+46.0
324,Phil Dawson,ARI,K21,8,199,292,253.6,28.9,302.0,-22.0
325,Caleb Sturgis,PHI,K22,10,200,298,241.6,27.5,244.0,-81.0
326,Rashard Higgins,CLE,WR105,9,200,354,259.5,57.3,,
327,Blair Walsh,SEA,K23,6,201,266,230.6,16.3,232.0,-95.0
328,C.J. Spiller,KC,RB94,10,230,236,233.0,3.0,221.0,-107.0
329,Ronnie Hillman,DAL,RB95,6,217,255,236.0,19.0,,
330,Dede Westbrook,JAC,WR106,8,203,292,239.2,24.9,342.0,+12.0
331,Washington Redskins,,DST27,5,211,282,240.3,26.1,312.0,-19.0
332,Russell Shepard,CAR,WR107,11,220,268,244.0,24.0,,
333,Trey Burton,PHI,TE45,10,201,288,244.5,43.5,,
334,Jalin Marshall,NYJ,WR108,11,244,250,247.0,3.0,,
335,Carlos Henderson,DEN,WR109,5,206,335,247.3,45.2,226.0,-109.0
336,Andre Holmes,BUF,WR110,6,211,310,248.8,29.7,370.0,+34.0
337,Branden Oliver,LAC,RB96,9,210,310,248.9,25.1,216.0,-121.0
338,Chad Williams,ARI,WR111,8,202,304,250.1,33.0,,
339,Detroit Lions,,DST28,7,219,305,251.8,25.5,319.0,-20.0
340,Xavier Grimble,PIT,TE46,9,209,282,252.3,31.3,,
341,Adam Shaheen,CHI,TE47,9,206,361,252.8,63.1,348.0,+7.0
342,Chad Henne,JAC,QB37,8,212,284,253.9,25.8,,
343,Brandon Coleman,NO,WR112,5,226,337,254.3,36.5,254.0,-89.0
344,Josh Gordon,CLE,WR113,9,221,303,255.3,23.5,276.0,-68.0
345,Kamar Aiken,IND,WR114,11,205,341,256.0,29.1,287.0,-58.0
346,DeAngelo Williams,FA,RB97,,220,318,257.2,31.0,316.0,-30.0
347,Damien Williams,MIA,RB98,11,207,332,258.5,35.6,340.0,-7.0
348,Elijah McGuire,NYJ,RB99,11,255,264,259.5,4.5,377.0,+29.0
349,Corey Clement,PHI,RB100,10,236,279,259.8,15.4,376.0,+27.0
350,Bruce Ellington,HOU,WR115,7,238,279,260.3,16.4,323.0,-27.0
351,Dontrelle Inman,LAC,WR116,9,223,322,260.7,29.7,326.0,-25.0
352,Ryan Griffin,HOU,TE48,7,220,368,260.8,62.1,,
353,Mike Nugent,NYG,K24,8,226,347,261.6,40.5,,
354,Chris Godwin,TB,WR117,11,216,341,262.1,50.4,245.0,-109.0
355,Aldrick Robinson,SF,WR118,11,252,276,264.1,6.7,,
356,Nick Boyle,BAL,TE49,10,212,376,264.2,57.4,362.0,+6.0
357,Larry Donnell,BAL,TE50,10,218,311,264.5,46.5,,
358,Malcolm Brown,LAR,RB101,8,235,313,264.5,30.0,,
359,Victor Cruz,CHI,WR119,9,243,293,265.2,18.2,336.0,-23.0
360,Cody Kessler,CLE,QB38,9,222,316,265.4,24.9,347.0,-13.0
361,Gary Barnidge,FA,TE51,,214,355,266.0,53.3,,
362,Geronimo Allison,GB,WR120,8,253,282,266.3,12.0,263.0,-99.0
363,Jordan Leggett,NYJ,TE52,11,211,326,266.5,43.0,,
364,Donnel Pumphrey,PHI,RB102,10,228,357,267.5,35.2,258.0,-106.0
365,Brian Quick,WAS,WR121,5,209,343,267.7,38.0,,
366,Virgil Green,DEN,TE53,5,204,315,269.3,47.4,,
367,Chris Johnson,ARI,RB103,8,228,377,271.9,43.9,272.0,-95.0
368,Leonte Carroo,MIA,WR122,11,210,373,273.4,66.5,,
369,Cameron Artis-Payne,CAR,RB104,11,224,371,274.9,48.3,351.0,-18.0
370,Chad Hansen,NYJ,WR123,11,215,336,275.5,60.5,,
371,Vincent Jackson,FA,WR124,,267,285,276.0,9.0,,
372,Lance Dunbar,LAR,RB105,8,249,315,277.0,21.2,,
373,Andre Ellington,ARI,RB106,8,240,352,278.4,35.6,,
374,Luke Willson,SEA,TE54,6,222,334,278.7,45.7,,
375,Matt Breida,SF,RB107,11,216,344,280.0,64.0,,
376,Sammie Coates,PIT,WR125,9,236,394,282.2,52.6,355.0,-21.0
377,New Orleans Saints,,DST29,5,231,370,282.5,56.9,,
378,Patrick Mahomes,KC,QB39,10,249,317,282.7,27.8,332.0,-46.0
379,Colin Kaepernick,FA,QB40,,254,314,284.0,30.0,367.0,-12.0
380,Roberto Aguayo,CHI,K25,9,222,387,284.8,63.7,334.0,-46.0
381,George Kittle,SF,TE55,11,231,367,286.0,53.9,356.0,-25.0
382,Josh Hill,NO,TE56,5,225,363,287.0,49.3,,
383,James Starks,FA,RB108,,257,319,288.0,31.0,333.0,-50.0
384,Kai Forbath,MIN,K26,9,266,359,289.5,40.1,353.0,-31.0
385,Michael Campanaro,BAL,WR126,10,290,292,291.0,1.0,,
386,Rashad Jennings,FA,RB109,,262,321,291.5,29.5,,
387,Robert Griffin,FA,QB41,,257,327,292.0,35.0,,
388,Chester Rogers,IND,WR127,11,233,377,292.7,55.1,256.0,-132.0
389,Wendall Williams,HOU,WR128,7,268,349,293.5,32.9,,
390,Cleveland Browns,,DST30,9,224,396,296.0,62.6,309.0,-81.0
391,Cordarrelle Patterson,OAK,WR129,10,250,371,296.3,43.7,230.0,-161.0
392,Dorial Green-Beckham,FA,WR130,,236,362,299.0,63.0,354.0,-38.0
393,Indianapolis Colts,,DST31,11,237,358,300.0,49.5,318.0,-75.0
394,Paxton Lynch,DEN,QB42,5,225,393,301.0,59.3,349.0,-45.0
395,Amara Darboh,SEA,WR131,6,236,366,301.0,65.0,,
396,Jake Butt,DEN,TE57,5,242,360,301.0,59.0,,
397,Josh Reynolds,LAR,WR132,8,245,395,301.0,56.4,,
398,San Francisco 49ers,,DST32,11,239,395,302.7,66.8,313.0,-85.0
399,Kerwynn Williams,ARI,RB110,8,246,370,303.3,56.7,243.0,-156.0
400,Aldrick Rosas,NYG,K27,8,226,386,304.3,65.4,295.0,-105.0
401,Fitzgerald Toussaint,PIT,RB111,9,271,375,307.0,48.1,371.0,-30.0
402,Josh Brown,FA,K28,,234,382,308.0,74.0,,
403,Teddy Bridgewater,MIN,QB43,9,261,356,308.5,47.5,,
404,Mack Hollins,PHI,WR133,10,264,354,309.0,45.0,365.0,-39.0
405,Jake Elliott,CIN,K29,6,264,381,310.3,50.8,292.0,-113.0
406,Dan Carpenter,FA,K30,,238,383,310.5,72.5,,
407,Jason Myers,JAC,K31,8,269,350,310.7,33.1,,
408,Ryan Switzer,DAL,WR134,6,277,348,312.5,35.5,364.0,-44.0
409,Rico Gathers,DAL,TE58,6,280,369,312.7,40.0,350.0,-59.0
410,Shaun Draughn,NYG,RB112,8,260,342,316.5,32.9,352.0,-58.0
411,Zane Gonzalez,CLE,K32,9,273,390,317.7,51.6,296.0,-115.0
412,Robbie Gould,SF,K33,11,274,380,319.0,44.7,359.0,-53.0
413,Philly Brown,BUF,WR135,6,313,325,319.0,6.0,,
414,Greg Zuerlein,LAR,K34,8,268,389,319.5,46.1,,
415,Jared Abbrederis,DET,WR136,7,268,376,322.0,54.0,,
416,Matt Barkley,SF,QB44,11,272,374,323.0,51.0,328.0,-88.0
417,Harrison Butker,CAR,K35,11,265,385,325.0,60.0,231.0,-186.0
418,Kenjon Barner,LAC,RB113,9,262,407,326.0,60.4,322.0,-96.0
419,Andrew Franks,MIA,K36,11,267,388,330.3,49.6,379.0,-40.0
420,Connor Barth,CHI,K37,9,271,391,331.0,60.0,,
421,Justin Hunter,PIT,WR137,9,276,390,333.0,57.0,,
422,Matt Dayes,FA,RB114,,317,378,347.5,30.5,,
423,Kapri Bibbs,SF,RB115,11,353,399,376.0,23.0,,
424,Matt Asiata,DET,RB116,7,379,385,382.0,3.0,268.0,-156.0
