rank,player,team,bye,pos,espn_adp,sleeper_adp,nfl_adp,rtsports_adp,ffc_adp,adp

1,Christian McCaffrey,SF,9,RB1,1,1,1,1,,1.0
2,Tyreek Hill,MIA,6,WR1,2,2,3,2,,2.2
3,CeeDee Lamb,DAL,7,WR2,3,3,2,3,,3.0
4,Breece Hall,NYJ,12,RB2,4,8,7,4,,5.2
5,Bijan Robinson,ATL,12,RB3,5,6,8,5,,5.8
6,Ja'Marr Chase,CIN,12,WR3,7,5,4,8,,6.4
7,Justin Jefferson,MIN,6,WR4,8,4,5,6,,6.6
8,Amon-Ra St. Brown,DET,5,WR5,6,7,6,7,,6.6
9,Saquon Barkley,PHI,5,RB4,11,11,10,9,,9.4
10,A.J. Brown,PHI,5,WR6,10,9,9,11,,10.0
11,Jonathan Taylor,IND,14,RB5,9,13,12,10,,10.6
12,Garrett Wilson,NYJ,12,WR7,12,10,14,13,,12.6
13,Jahmyr Gibbs,DET,5,RB6,14,12,13,12,,12.6
14,Puka Nacua,LAR,6,WR8,13,16,11,14,,14.0
15,Kyren Williams,LAR,6,RB7,15,15,18,16,,15.4
16,Marvin Harrison Jr.,ARI,11,WR9,21,14,15,17,,17.2
17,Derrick Henry,BAL,14,RB8,17,20,16,18,,17.2
18,Travis Etienne Jr.,JAC,12,RB9,18,18,20,15,,17.6
19,Isiah Pacheco,KC,6,RB10,16,28,19,21,,20.8
20,Davante Adams,LV,10,WR10,22,17,17,20,,20.8
21,Travis Kelce,KC,6,TE1,20,21,23,33,,24.0
22,Josh Allen,BUF,12,QB1,24,22,26,32,,25.0
23,Chris Olave,NO,12,WR11,19,23,28,27,,25.8
24,De'Von Achane,MIA,6,RB11,31,25,30,19,,26.0
25,Drake London,ATL,12,WR12,32,19,22,24,,26.2
26,Patrick Mahomes II,KC,6,QB2,23,30,24,42,,28.6
27,Sam LaPorta,DET,5,TE2,27,24,31,30,,29.6
28,Josh Jacobs,GB,10,RB12,39,27,38,22,,30.4
29,James Cook,BUF,12,RB13,29,41,40,26,,30.8
30,Nico Collins,HOU,14,WR13,33,31,33,28,,30.8
31,Deebo Samuel Sr.,SF,9,WR14,41,33,29,23,,31.4
32,Jalen Hurts,PHI,5,QB3,28,35,35,40,,32.0
33,Mike Evans,TB,11,WR15,30,29,25,43,,32.8
34,Rachaad White,TB,11,RB14,37,38,32,29,,33.2
35,Michael Pittman Jr.,IND,14,WR16,25,40,34,25,,34.4
36,Brandon Aiyuk,SF,9,WR17,40,26,21,45,,34.6
37,Cooper Kupp,LAR,6,WR18,43,39,27,31,,34.6
38,Joe Mixon,HOU,14,RB15,26,47,47,36,,36.6
39,Lamar Jackson,BAL,14,QB4,35,34,36,47,,37.4
40,Stefon Diggs,HOU,14,WR19,34,32,45,37,,39.6
41,Alvin Kamara,NO,12,RB16,38,48,49,34,,41.4
42,DK Metcalf,SEA,10,WR20,36,43,46,38,,41.4
43,Kenneth Walker III,SEA,10,RB17,44,50,42,35,,42.0
44,Jaylen Waddle,MIA,6,WR21,49,36,41,41,,42.0
45,DeVonta Smith,PHI,5,WR22,46,49,37,44,,43.2
46,DJ Moore,CHI,7,WR23,47,37,50,39,,43.6
47,Mark Andrews,BAL,14,TE3,42,45,43,52,,44.8
48,Trey McBride,ARI,11,TE4,50,46,39,48,,46.8
49,C.J. Stroud,HOU,14,QB5,45,42,44,60,,47.6
50,Dalton Kincaid,BUF,12,TE5,54,51,53,49,,52.4
51,Malik Nabers,NYG,11,WR24,52,44,59,46,,52.6
52,Anthony Richardson,IND,14,QB6,48,56,52,58,,55.4
53,George Kittle,SF,9,TE6,51,53,51,68,,56.6
54,Amari Cooper,CLE,10,WR25,69,59,48,57,,57.0
55,James Conner,ARI,11,RB18,68,63,54,55,,57.2
56,Aaron Jones,MIN,6,RB19,55,58,70,53,,58.0
57,Joe Burrow,CIN,12,QB7,53,61,56,78,,60.2
58,George Pickens,PIT,9,WR26,66,57,65,54,,60.2
59,David Montgomery,DET,5,RB20,64,65,58,62,,61.0
60,D'Andre Swift,CHI,7,RB21,63,62,74,50,,61.2
61,Zay Flowers,BAL,14,WR27,56,52,68,66,,61.2
62,Tee Higgins,CIN,12,WR28,61,60,62,61,,62.0
63,Kyle Pitts,ATL,12,TE7,62,55,57,67,,62.2
64,Tank Dell,HOU,14,WR29,59,54,61,79,,64.2
65,Rhamondre Stevenson,NE,14,RB22,57,69,82,51,,65.6
66,Zamir White,LV,10,RB23,67,82,76,56,,66.0
67,Evan Engram,JAC,12,TE8,58,67,66,69,,66.2
68,Dak Prescott,DAL,7,QB8,65,71,63,84,,70.0
69,Jordan Love,GB,10,QB9,71,80,71,74,,70.8
70,Najee Harris,PIT,9,RB24,79,73,85,59,,71.4
71,Kyler Murray,ARI,11,QB10,72,78,55,82,,72.4
72,Terry McLaurin,WAS,14,WR30,77,68,81,63,,73.0
73,Raheem Mostert,MIA,6,RB25,89,81,60,75,,74.0
74,Keenan Allen,CHI,7,WR31,70,64,77,70,,74.0
75,Calvin Ridley,TEN,5,WR32,60,83,78,77,,74.4
76,Christian Kirk,JAC,12,WR33,88,66,72,65,,74.4
77,Rashee Rice,KC,6,WR34,74,70,90,73,,75.8
78,Chris Godwin,TB,11,WR35,73,75,84,72,,77.4
79,Tony Pollard,TEN,5,RB26,92,77,88,76,,81.2
80,Jake Ferguson,DAL,7,TE9,80,86,75,91,,83.6
81,David Njoku,CLE,10,TE10,78,84,79,93,,83.6
82,Jayden Reed,GB,10,WR36,85,74,92,89,,84.0
83,Javonte Williams,DEN,14,RB27,91,90,116,64,,88.6
84,Jaylen Warren,PIT,9,RB28,84,98,98,83,,90.2
85,Austin Ekeler,WAS,14,RB29,98,93,89,85,,90.4
86,Jonathon Brooks,CAR,11,RB30,81,97,91,87,,91.4
87,Diontae Johnson,CAR,11,WR37,90,95,94,86,,91.8
88,Xavier Worthy,KC,6,WR38,101,76,100,95,,93.0
89,Brian Robinson Jr.,WAS,14,RB31,76,108,125,81,,93.4
90,Zack Moss,CIN,12,RB32,100,92,118,80,,93.6
91,Brock Purdy,SF,9,QB11,97,91,86,112,,94.2
92,Nick Chubb,CLE,10,RB33,110,87,109,88,,94.6
93,Devin Singletary,NYG,11,RB34,113,99,106,71,,96.0
94,Brock Bowers,LV,10,TE11,107,79,114,104,,100.4
95,Tyjae Spears,TEN,5,RB35,95,107,113,92,,101.4
96,Rome Odunze,CHI,7,WR39,108,72,101,117,,102.8
97,Ladd McConkey,LAC,5,WR40,112,88,108,101,,103.0
98,DeAndre Hopkins,TEN,5,WR41,103,96,123,94,,103.0
99,Christian Watson,GB,10,WR42,94,103,133,96,,103.2
100,Jaxon Smith-Njigba,SEA,10,WR43,96,100,112,99,,103.6
101,Hollywood Brown,KC,6,WR44,117,89,96,108,,104.4
102,Keon Coleman,BUF,12,WR45,111,94,102,109,,105.2
103,Justin Tucker,BAL,14,K1,83,127,67,132,,106.0
104,Jayden Daniels,WAS,14,QB12,109,115,104,100,,106.0
105,Caleb Williams,CHI,7,QB13,104,101,126,107,,108.4
106,Ezekiel Elliott,DAL,7,RB36,99,114,117,98,,109.2
107,Jordan Addison,MIN,6,WR46,115,85,107,110,,109.4
108,Dallas Goedert,PHI,5,TE12,118,102,103,116,,109.6
109,Brandon Aubrey,DAL,7,K2,86,129,80,126,,111.0
110,San Francisco 49ers,DST,9,DST1,82,143,64,152,,112.6
111,Gus Edwards,LAC,5,RB37,126,113,110,113,,113.0
112,Jared Goff,DET,5,QB14,145,109,105,115,,114.0
113,Tua Tagovailoa,MIA,6,QB15,125,104,119,121,,114.8
114,Chase Brown,CIN,12,RB38,127,118,144,90,,115.2
115,Harrison Butker,KC,6,K3,106,128,73,145,,115.4
116,Jerome Ford,CLE,10,RB39,122,122,154,97,,117.4
117,Courtland Sutton,DEN,14,WR47,114,116,140,106,,118.0
118,Jameson Williams,DET,5,WR48,124,111,128,114,,119.2
119,T.J. Hockenson,MIN,6,TE13,120,110,129,123,,123.4
120,Blake Corum,LAR,6,RB40,123,120,151,105,,124.4
121,Brian Thomas Jr.,JAC,12,WR49,131,105,137,125,,125.0
122,Trey Benson,ARI,11,RB41,129,112,168,103,,126.4
123,Dalton Schultz,HOU,14,TE14,132,106,130,136,,126.6
124,Baltimore Ravens,DST,14,DST2,87,190,121,142,,127.0
125,Dallas Cowboys,DST,7,DST3,93,185,111,135,,127.8
126,New York Jets,DST,12,DST4,105,154,134,146,,129.2
127,Trevor Lawrence,JAC,12,QB16,150,125,135,130,,131.4
128,Cleveland Browns,DST,10,DST5,75,193,99,161,,133.0
129,Khalil Shakir,BUF,12,WR50,155,131,131,124,,133.0
130,J.K. Dobbins,LAC,5,RB42,133,142,185,102,,134.0
131,Justin Herbert,LAC,5,QB17,153,124,127,139,,134.2
132,Pat Freiermuth,PIT,9,TE15,140,126,142,129,,134.6
133,Younghoe Koo,ATL,12,K4,135,132,97,186,,135.2
134,Aaron Rodgers,NYJ,12,QB18,116,135,143,150,,137.0
135,Tyler Lockett,SEA,10,WR51,130,123,136,153,,137.4
136,Cole Kmet,CHI,7,TE16,151,121,147,137,,137.6
137,Curtis Samuel,BUF,12,WR52,148,117,152,120,,138.4
138,Zach Charbonnet,SEA,10,RB43,137,137,164,118,,141.2
139,Romeo Doubs,GB,10,WR53,168,119,156,128,,142.6
140,Jake Elliott,PHI,5,K5,102,146,148,165,,143.4
141,Kirk Cousins,ATL,12,QB19,141,145,161,141,,144.2
142,Jerry Jeudy,CLE,10,WR54,134,136,169,138,,144.8
143,Ka'imi Fairbairn,HOU,14,K6,121,151,141,156,,145.4
144,Chuba Hubbard,CAR,11,RB44,173,140,160,122,,146.8
145,Jakobi Meyers,LV,10,WR55,143,134,175,140,,147.0
146,Evan McPherson,CIN,12,K7,128,130,93,214,,147.4
147,Mike Williams,NYJ,12,WR56,138,144,155,147,,149.0
148,Rico Dowdle,DAL,7,RB45,166,147,213,111,,150.0
149,Matthew Stafford,LAR,6,QB20,167,149,138,157,,152.0
150,Jake Moody,SF,9,K8,154,148,120,174,,158.4
151,Pittsburgh Steelers,DST,9,DST6,119,195,149,176,,158.6
152,Joshua Palmer,LAC,5,WR57,186,138,203,127,,158.8
153,Tyler Allgeier,ATL,12,RB46,149,160,197,143,,159.4
154,Kansas City Chiefs,DST,6,DST7,142,205,124,191,,160.0
155,Ty Chandler,MIN,6,RB47,161,159,220,119,,161.0
156,Deshaun Watson,CLE,10,QB21,157,168,165,175,,163.6
157,Buffalo Bills,DST,12,DST8,179,253,95,162,,164.0
158,Baker Mayfield,TB,11,QB22,175,158,162,171,,165.0
159,Adam Thielen,CAR,11,WR58,156,163,174,164,,165.2
160,Brandin Cooks,DAL,7,WR59,182,162,171,154,,165.8
161,Miami Dolphins,DST,6,DST9,144,198,159,172,,167.2
162,Gabe Davis,JAC,12,WR60,163,153,189,155,,169.6
163,Jaleel McLaughlin,DEN,14,RB48,176,175,216,134,,170.6
164,Antonio Gibson,NE,14,RB49,162,171,245,133,,171.0
165,Jaylen Wright,MIA,6,RB50,187,150,227,131,,172.0
166,Cameron Dicker,LAC,5,K9,170,152,122,223,,173.6
167,Xavier Legette,CAR,11,WR61,165,139,187,179,,173.8
168,Adonai Mitchell,IND,14,WR62,174,133,202,182,,174.8
169,Luke Musgrave,GB,10,TE17,237,141,167,169,,175.2
170,Philadelphia Eagles,DST,5,DST10,180,202,145,213,,179.4
171,Tyler Bass,BUF,12,K10,189,156,153,215,,179.8
172,Rashid Shaheed,NO,12,WR63,152,155,259,167,,180.0
173,MarShawn Lloyd,GB,10,RB51,171,178,240,151,,180.8
174,Isaiah Likely,BAL,14,TE18,207,167,172,201,,182.6
175,Dontayvion Wicks,GB,10,WR64,199,166,199,166,,183.0
176,Houston Texans,DST,14,DST11,184,245,163,177,,184.0
177,Jason Sanders,MIA,6,K11,203,176,166,181,,184.2
178,Darnell Mooney,ATL,12,WR65,147,179,243,189,,188.0
179,Bo Nix,DEN,14,QB23,181,192,181,217,,190.2
180,Tyler Conklin,NYJ,12,TE19,178,180,223,192,,191.4
181,Chicago Bears,DST,7,DST12,177,298,83,225,,192.2
182,New Orleans Saints,DST,12,DST13,136,258,183,202,,195.4
183,Jason Myers,SEA,10,K12,233,209,178,190,,196.0
184,Elijah Mitchell,SF,9,RB52,232,188,232,168,,197.6
185,Geno Smith,SEA,10,QB24,194,200,196,232,,199.2
186,Tampa Bay Buccaneers,DST,11,DST14,222,194,132,275,,199.6
187,Ja'Lynn Polk,NE,14,WR66,226,157,229,200,,200.2
188,DeMario Douglas,NE,14,WR67,164,183,247,199,,200.4
189,Detroit Lions,DST,5,DST15,139,254,158,263,,200.8
190,Jahan Dotson,PHI,5,WR68,297,173,182,160,,201.0
191,Kendre Miller,NO,12,RB53,159,172,294,184,,203.2
192,Derek Carr,NO,12,QB25,221,243,237,241,,223.8
193,Los Angeles Chargers,DST,5,DST16,185,318,150,271,,224.8
194,Cincinnati Bengals,DST,12,DST17,169,,87,238,,172.0
195,Taysom Hill,NO,12,TE20,160,169,208,178,,178.8
196,Greg Zuerlein,NYJ,12,K13,146,,139,229,,180.5
197,Matt Gay,IND,14,K14,158,,188,180,,182.8
198,Khalil Herbert,CHI,7,RB54,,208,210,173,,190.5
199,Hunter Henry,NE,14,TE21,,174,205,188,,191.0
200,Braelon Allen,NYJ,12,RB55,,186,262,158,,196.3
201,Will Levis,TEN,5,QB26,201,191,219,187,,199.5
202,Bucky Irving,TB,11,RB56,,196,266,159,,200.5
203,Justin Fields,PIT,9,QB27,208,197,200,197,,200.5
204,Daniel Carlson,LV,10,K15,193,214,157,239,,200.8
205,Kimani Vidal,LAC,5,RB57,,181,278,144,,201.3
206,Cairo Santos,CHI,7,K16,183,,190,240,,204.3
207,Atlanta Falcons,DST,12,DST18,191,,192,243,,204.5
208,Las Vegas Raiders,DST,10,DST19,197,255,176,194,,205.5
209,Chigoziem Okonkwo,TEN,5,TE22,204,206,221,193,,206.0
210,Ben Sinnott,WAS,14,TE23,213,161,233,221,,207.0
211,Tyrone Tracy Jr.,NYG,11,RB58,,187,310,148,,209.0
212,Seattle Seahawks,DST,10,DST20,190,210,186,265,,212.8
213,Clyde Edwards-Helaire,KC,6,RB59,,220,244,205,,214.0
214,Ray Davis,BUF,12,RB60,,184,334,163,,214.3
215,Indianapolis Colts,DST,14,DST21,,306,180,222,,220.3
216,Russell Wilson,PIT,9,QB28,217,239,193,247,,224.0
217,Bryce Young,CAR,11,QB29,195,221,226,260,,225.5
218,Kenneth Gainwell,PHI,5,RB61,,270,248,183,,226.0
219,Roschon Johnson,CHI,7,RB62,,225,285,185,,226.8
220,Mike Gesicki,CIN,12,TE24,249,213,224,227,,228.3
221,New England Patriots,DST,14,DST22,210,265,194,245,,228.5
222,Wan'Dale Robinson,NYG,11,WR69,,215,258,231,,228.8
223,Green Bay Packers,DST,10,DST23,192,309,173,242,,229.0
224,Jonnu Smith,MIA,6,TE25,,226,267,218,,230.3
225,Minnesota Vikings,DST,6,DST24,205,262,206,249,,230.5
226,Marvin Mims Jr.,DEN,14,WR70,212,222,246,251,,232.8
227,Zach Ertz,WAS,14,TE26,228,250,212,250,,235.0
228,Blake Grupe,NO,12,K17,271,,211,274,,240.5
229,Noah Fant,SEA,10,TE27,209,212,306,235,,240.5
230,Sam Darnold,MIN,6,QB30,236,228,271,233,,242.0
231,Jacksonville Jaguars,DST,12,DST25,188,303,230,259,,245.0
232,Troy Franklin,DEN,14,WR71,339,177,269,254,,259.8
233,Dustin Hopkins,CLE,10,K18,202,,69,273,,181.3
234,Ja'Tavion Sanders,CAR,11,TE28,279,217,274,284,,263.5
235,Josh Downs,IND,14,WR72,,164,222,170,,185.3
236,Ricky Pearsall,SF,9,WR73,,170,195,207,,190.7
237,Denver Broncos,DST,14,DST26,206,,115,269,,196.7
238,Cade Otton,TB,11,TE29,,165,198,253,,205.3
239,Michael Wilson,ARI,11,WR74,,211,260,149,,206.7
240,Jermaine Burton,CIN,12,WR75,,199,214,211,,208.0
241,Quentin Johnston,LAC,5,WR76,,182,252,196,,210.0
242,Dameon Pierce,HOU,14,RB63,,204,218,209,,210.3
243,Chris Boswell,PIT,9,K19,196,,177,270,,214.3
244,Washington Commanders,DST,14,DST27,234,201,209,,,214.7
245,Dawson Knox,BUF,12,TE30,214,240,191,,,215.0
246,Jake Bates,DET,5,K20,172,,235,252,,219.7
247,Odell Beckham Jr.,MIA,6,WR77,218,241,201,,,220.0
248,Roman Wilson,PIT,9,WR78,,189,179,294,,220.7
249,Drake Maye,NE,14,QB31,223,218,225,,,222.0
250,Alexander Mattison,LV,10,RB64,,227,255,206,,229.3
251,Will Reichard,MIN,6,K21,198,,236,257,,230.3
252,New York Giants,DST,11,DST28,,251,207,236,,231.3
253,Wil Lutz,DEN,14,K22,216,,251,246,,237.7
254,AJ Dillon,GB,10,RB65,,232,238,244,,238.0
255,Rashod Bateman,BAL,14,WR79,,203,231,283,,239.0
256,Tennessee Titans,DST,5,DST29,229,242,250,,,240.3
257,Justice Hill,BAL,14,RB66,,229,270,224,,241.0
258,Tank Bigsby,JAC,12,RB67,,235,286,210,,243.7
259,Los Angeles Rams,DST,6,DST30,211,315,217,,,247.7
260,Greg Dulcich,DEN,14,TE31,,249,268,230,,249.0
261,Tyler Boyd,TEN,5,WR80,,231,256,266,,251.0
262,Will Shipley,PHI,5,RB68,,236,303,216,,251.7
263,Daniel Jones,NYG,11,QB32,,248,253,255,,252.0
264,Luke McCaffrey,WAS,14,WR81,,207,276,276,,253.0
265,Audric Estime,DEN,14,RB69,,223,326,212,,253.7
266,Gardner Minshew II,LV,10,QB33,246,252,263,,,253.7
267,Keaton Mitchell,BAL,14,RB70,,246,283,234,,254.3
268,Colby Parkinson,LAR,6,TE32,,244,293,228,,255.0
269,Dalvin Cook,,,RB71,257,,264,248,,256.3
270,Jamaal Williams,NO,12,RB72,,311,257,220,,262.7
271,Michael Penix Jr.,ATL,12,QB34,241,266,284,,,263.7
272,Hayden Hurst,LAC,5,TE33,,277,292,226,,265.0
273,Jalen Tolbert,DAL,7,WR82,,238,282,282,,267.3
274,Kadarius Toney,KC,6,WR83,238,319,265,,,274.0
275,Javon Baker,NE,14,WR84,,224,302,297,,274.3
276,Greg Dortch,ARI,11,WR85,,237,299,287,,274.3
277,Demarcus Robinson,LAR,6,WR86,,234,312,286,,277.3
278,K.J. Osborn,NE,14,WR87,419,308,317,291,,333.8
279,D'Onta Foreman,CLE,10,RB73,,269,330,237,,278.7
280,Juwan Johnson,NO,12,TE34,,272,307,267,,282.0
281,Jalin Hyatt,NYG,11,WR88,,264,290,296,,283.3
282,Carson Steele,KC,6,RB74,220,,339,295,,284.7
283,Michael Mayer,LV,10,TE35,360,268,228,,,285.3
284,Eric Gray,NYG,11,RB75,,322,333,204,,286.3
285,Samaje Perine,DEN,14,RB76,,314,350,198,,287.3
286,Deuce Vaughn,DAL,7,RB77,255,299,309,,,287.7
287,Jalen McMillan,TB,11,WR89,,230,348,290,,289.3
288,Arizona Cardinals,DST,11,DST31,227,,146,,,186.5
289,Brenden Rice,LAC,5,WR90,288,259,327,,,291.3
290,Jordan Whittington,LAR,6,WR91,244,,371,261,,292.0
291,Darius Slayton,NYG,11,WR92,,279,316,285,,293.3
292,Tre Tucker,LV,10,WR93,,304,289,292,,295.0
293,Malachi Corley,NYJ,12,WR94,,219,170,,,194.5
294,Tyler Higbee,LAR,6,TE36,287,320,311,,,306.0
295,Dylan Laube,LV,10,RB78,,256,393,277,,308.7
296,Kendrick Bourne,NE,14,WR95,,285,374,293,,317.3
297,Darren Waller,,,TE37,253,,204,,,228.5
298,Trey Sermon,IND,14,RB79,,260,418,281,,319.7
299,Graham Gano,NYG,11,K23,219,,241,,,230.0
300,Cam Akers,HOU,14,RB80,273,,413,279,,321.7
301,Cam Little,JAC,12,K24,215,,261,,,238.0
302,Brandon McManus,,,K25,355,295,328,,,326.0
303,Anders Carlson,GB,10,K26,235,,249,,,242.0
304,Chase McLaughlin,TB,11,K27,,,234,258,,246.0
305,Noah Gray,KC,6,TE38,239,,254,,,246.5
306,Isaac Guerendo,SF,9,RB81,,261,434,299,,331.3
307,Jordan Mason,SF,9,RB82,,,301,203,,252.0
308,Malik Washington,MIA,6,WR96,352,281,372,,,335.0
309,Miles Sanders,CAR,11,RB83,,,315,195,,255.0
310,Deneric Prince,KC,6,RB84,397,,360,256,,337.7
311,Kyle Juszczyk,SF,9,RB85,276,,239,,,257.5
312,Louis Rees-Zammit,KC,6,RB86,243,,277,,,260.0
313,DJ Chark Jr.,LAC,5,WR97,,247,494,288,,343.0
314,Tucker Kraft,GB,10,TE39,,257,272,,,264.5
315,Devontez Walker,BAL,14,WR98,404,267,361,,,344.0
316,Kareem Hunt,,,RB87,314,,,219,,266.5
317,Joshua Karty,LAR,6,K28,,,275,264,,269.5
318,Jauan Jennings,SF,9,WR99,254,,295,,,274.5
319,Justin Watson,KC,6,WR100,262,,291,,,276.5
320,Greg Joseph,GB,10,K29,261,,298,,,279.5
321,Braxton Berrios,MIA,6,WR101,230,,331,,,280.5
322,Chad Ryland,NE,14,K30,240,,321,,,280.5
323,A.T. Perry,NO,12,WR102,437,287,347,,,357.0
324,Aidan O'Connell,LV,10,QB35,,302,273,,,287.5
325,Jake Bobo,SEA,10,WR103,256,,323,,,289.5
326,Tim Patrick,DEN,14,WR104,,,314,268,,291.0
327,Donovan Peoples-Jones,DET,5,WR105,260,,325,,,292.5
328,Jelani Woods,IND,14,TE40,,271,318,,,294.5
329,Skyy Moore,KC,6,WR106,272,,319,,,295.5
330,Allen Lazard,NYJ,12,WR107,303,,288,,,295.5
331,Durham Smythe,MIA,6,TE41,294,,297,,,295.5
332,Dyami Brown,WAS,14,WR108,,,384,208,,296.0
333,Kenny Pickett,PHI,5,QB36,247,,345,,,296.0
334,Calvin Austin III,PIT,9,WR109,,,308,289,,298.5
335,Zay Jones,ARI,11,WR110,,263,337,,,300.0
336,J.J. Taylor,HOU,14,RB88,224,,381,,,302.5
337,Darnell Washington,PIT,9,TE42,285,,322,,,303.5
338,Riley Patterson,,,K31,259,,353,,,306.0
339,Andrei Iosivas,CIN,12,WR111,,,346,272,,309.0
340,Jeff Wilson Jr.,MIA,6,RB89,,,340,280,,310.0
341,Cade Stover,HOU,14,TE43,296,,324,,,310.0
342,Elijah Moore,CLE,10,WR112,,278,343,,,310.5
343,Carson Wentz,KC,6,QB37,265,,363,,,314.0
344,Joe Flacco,IND,14,QB38,266,,362,,,314.0
345,Theo Johnson,NYG,11,TE44,,233,396,,,314.5
346,Daniel Bellinger,NYG,11,TE45,,282,356,,,319.0
347,Jermar Jefferson,DET,5,RB90,225,,415,,,320.0
348,Mecole Hardman Jr.,KC,6,WR113,295,,351,,,323.0
349,Hendon Hooker,DET,5,QB39,258,,389,,,323.5
350,Connor Heyward,PIT,9,TE46,290,,357,,,323.5
351,Kylen Granson,IND,14,TE47,420,,452,278,,383.3
352,Joshua Dobbs,SF,9,QB40,248,,402,,,325.0
353,Equanimeous St. Brown,NO,12,WR114,277,,376,,,326.5
354,Joe Milton III,NE,14,QB41,263,,394,,,328.5
355,Zach Wilson,DEN,14,QB42,275,,383,,,329.0
356,Tommy DeVito,NYG,11,QB43,269,,392,,,330.5
357,Josh Reynolds,DEN,14,WR115,,326,338,,,332.0
358,Alec Pierce,IND,14,WR116,316,,355,,,335.5
359,Brock Wright,DET,5,TE48,252,,420,,,336.0
360,Jimmy Garoppolo,LAR,6,QB44,278,,399,,,338.5
361,Brevin Jordan,HOU,14,TE49,335,,342,,,338.5
362,Ainias Smith,PHI,5,WR117,309,,373,,,341.0
363,John Metchie III,HOU,14,WR118,298,,386,,,342.0
364,JuJu Smith-Schuster,,,WR119,373,,313,,,343.0
365,Keaontay Ingram,KC,6,RB91,357,,332,,,344.5
366,Brett Maher,,,K32,340,,349,,,344.5
367,Luke Schoonmaker,DAL,7,TE50,268,,426,,,347.0
368,Trey Lance,DAL,7,QB45,328,,366,,,347.0
369,Tyler Scott,CHI,7,WR120,308,,388,,,348.0
370,Cade York,WAS,14,K33,311,,385,,,348.0
371,Joey Slye,NE,14,K34,332,,365,,,348.5
372,Mo Alie-Cox,IND,14,TE51,334,,364,,,349.0
373,Tom Brady,,,QB46,200,,,,,200.0
374,DeWayne McBride,MIN,6,RB92,319,,390,,,354.5
375,Matt Prater,ARI,11,K35,,,215,,,215.0
376,Johnny Wilson,PHI,5,WR121,327,,397,,,362.0
377,Noah Brown,HOU,14,WR122,326,,401,,,363.5
378,Josh Oliver,MIN,6,TE52,320,,409,,,364.5
379,Chris Naggar,,,K36,231,,,,,231.0
380,D.J. Montgomery,IND,14,WR123,321,,411,,,366.0
381,Parris Campbell,PHI,5,WR124,289,,445,,,367.0
382,Rasheen Ali,BAL,14,RB93,478,293,467,,,412.7
383,Mac Jones,JAC,12,QB47,284,,454,,,369.0
384,Jared Wiley,KC,6,TE53,371,,370,,,370.5
385,Nick Folk,TEN,5,K37,,,242,,,242.0
386,Trace McSorley,WAS,14,QB48,242,,,,,242.0
387,Spencer Rattler,NO,12,QB49,313,,433,,,373.0
388,Jonathan Mingo,CAR,11,WR125,,325,425,,,375.0
389,Mason Crosby,,,K38,250,,,,,250.0
390,Tanner Brown,,,K39,251,,543,,,397.0
391,Cooper Rush,DAL,7,QB50,382,,375,,,378.5
392,Elijah Higgins,ARI,11,TE54,330,,428,,,379.0
393,Kevin Harris,NE,14,RB94,376,,387,,,381.5
394,Jacob Saylors,CLE,10,RB95,264,,,,,264.0
395,Matthew Wright,PIT,9,K40,385,,380,,,382.5
396,Rodrigo Blankenship,,,K41,267,,,,,267.0
397,Ramiz Ahmed,,,K42,270,,506,,,388.0
398,David Moore,CAR,11,WR126,333,,439,,,386.0
399,Ty'Son Williams,,,RB96,,273,,,,273.0
400,Tyson Bagent,CHI,7,QB51,310,,464,,,387.0
401,Anthony Jones,,,RB97,,274,,,,274.0
402,Christopher Dunn,,,K43,274,,,,,274.0
403,K.J. Costello,,,QB52,,276,,,,276.0
404,Gerald Everett,CHI,7,TE55,,,279,,,279.0
405,Jalen Nailor,MIN,6,WR127,324,,456,,,390.0
406,Charlie Taumoepeau,,,TE56,,280,,,,280.0
407,Adam Trautman,DEN,14,TE57,280,,642,,,461.0
408,Carolina Panthers,DST,11,DST32,,,281,,,281.0
409,Julian Hill,MIA,6,TE58,351,,431,,,391.0
410,Lucas Havrisik,CLE,10,K44,281,,537,,,409.0
411,Armani Rogers,PHI,5,TE59,282,,,,,282.0
412,Robert Woods,HOU,14,WR128,349,,435,,,392.0
413,Anthony McFarland Jr.,MIA,6,RB98,,283,822,,,552.5
414,SaRodorick Thompson Jr.,LAR,6,RB99,283,,883,,,583.0
415,Dylan McDuffie,,,RB100,,284,,,,284.0
416,Royce Freeman,DAL,7,RB101,,,487,298,,392.5
417,Drew Lock,NYG,11,QB53,377,,408,,,392.5
418,Nick Sciba,,,K45,286,,,,,286.0
419,Cordarrelle Patterson,PIT,9,RB102,,,287,,,287.0
420,MyCole Pruitt,PIT,9,TE60,,288,560,,,424.0
421,Mike White,MIA,6,QB54,299,,491,,,395.0
422,Jon Hilliman,,,RB103,,290,,,,290.0
423,Kene Nwangwu,MIN,6,RB104,338,,453,,,395.5
424,Jake Browning,CIN,12,QB55,412,,379,,,395.5
425,Jazz Ferguson,,,WR129,,291,,,,291.0
426,Carson Strong,,,QB56,291,,,,,291.0
427,Andy Dalton,CAR,11,QB57,323,,469,,,396.0
428,Trenton Irwin,CIN,12,WR130,381,,412,,,396.5
429,Nathan Rourke,,,QB58,292,,732,,,512.0
430,Jalen Virgil,DEN,14,WR131,,292,853,,,572.5
431,Nick Foles,,,QB59,293,,,,,293.0
432,Bo Melton,GB,10,WR132,337,,457,,,397.0
433,Jhamon Ausbon,,,WR133,,294,,,,294.0
434,James White,,,RB105,,296,,,,296.0
435,Eddy Pineiro,CAR,11,K46,,,296,,,296.0
436,Ethan Fernea,,,WR134,,297,855,,,576.0
437,C.J. Ham,MIN,6,RB106,322,,478,,,400.0
438,Van Jefferson,PIT,9,WR135,,,300,,,300.0
439,Eric Tomlinson,IND,14,TE61,,300,788,,,544.0
440,J.D. McKissic,,,RB107,,301,,,,301.0
441,Michael Wiley,WAS,14,RB108,301,,,,,301.0
442,Brandon Powell,MIN,6,WR136,396,,407,,,401.5
443,Anthony Brown Jr.,BUF,12,QB60,302,,704,,,503.0
444,Kalif Raymond,DET,5,WR137,,,304,,,304.0
445,Josh Pederson,,,TE62,304,,,,,304.0
446,Matt Ryan,,,QB61,305,,,,,305.0
447,Corey Clement,,,RB109,,305,,,,305.0
448,Michael Gallup,,,WR138,,,305,,,305.0
449,Jaren Hall,MIN,6,QB62,306,,735,,,520.5
450,Tanner Hudson,CIN,12,TE63,431,,377,,,404.0
451,Kyle Allen,PIT,9,QB63,402,,406,,,404.0
452,Dante Pettis,CHI,7,WR139,307,,583,,,445.0
453,Tylan Wallace,BAL,14,WR140,359,,450,,,404.5
454,Peter LeBlanc,CHI,7,WR141,,310,,,,310.0
455,Austin Hooper,NE,14,TE64,374,,438,,,406.0
456,Eli Stove,,,WR142,,312,,,,312.0
457,Byron Pringle,WAS,14,WR143,312,,794,,,553.0
458,Caleb Huntley,,,RB110,,313,,,,313.0
459,Julio Jones,,,WR144,344,,471,,,407.5
460,Sean Clifford,GB,10,QB64,315,,540,,,427.5
461,Clayton Thorson,,,QB65,,316,,,,316.0
462,Jalen Brooks,DAL,7,WR145,317,,728,,,522.5
463,Josh Lambo,,,K47,318,,,,,318.0
464,Charlie Jones,CIN,12,WR146,361,,459,,,410.0
465,KaVontae Turpin,DAL,7,WR147,,,320,,,320.0
466,Cole McDonald,,,QB66,,321,,,,321.0
467,Malcolm Brown,,,RB111,,324,,,,324.0
468,Teddy Bridgewater,,,QB67,325,,,,,325.0
469,Parker Washington,JAC,12,WR148,400,,427,,,413.5
470,Davis Allen,LAR,6,TE65,460,,369,,,414.5
471,Nelson Agholor,BAL,14,WR149,,,329,,,329.0
472,Matt Corral,MIN,6,QB68,329,,680,,,504.5
473,Tommy Tremble,CAR,11,TE66,331,,513,,,422.0
474,Jacoby Brissett,NE,14,QB69,,,335,,,335.0
475,Matt Barkley,,,QB70,336,,,,,336.0
476,Derek Watt,,,RB112,341,,,,,341.0
477,Craig Reynolds,DET,5,RB113,,,341,,,341.0
478,Irv Smith Jr.,KC,6,TE67,342,,500,,,421.0
479,Roger Carter Jr.,,,TE68,343,,,,,343.0
480,Treylon Burks,TEN,5,WR150,,,344,,,344.0
481,Stetson Bennett,LAR,6,QB71,345,,542,,,443.5
482,Mohamed Ibrahim,MIN,6,RB114,346,,,,,346.0
483,Ronnie Bell,SF,9,WR151,418,,429,,,423.5
484,Caleb Shudak,,,K48,347,,,,,347.0
485,Samori Toure,GB,10,WR152,348,,684,,,516.0
486,Albert Okwuegbunam Jr.,PHI,5,TE69,350,,814,,,582.0
487,Tutu Atwell,LAR,6,WR153,,,352,,,352.0
488,Sione Vaki,DET,5,RB115,353,,774,,,563.5
489,Shane Zylstra,DET,5,TE70,,,354,,,354.0
490,Austin Seibert,NYJ,12,K49,354,,611,,,482.5
491,Binjimen Victor,,,WR154,356,,,,,356.0
492,Pharaoh Brown,SEA,10,TE71,417,,440,,,428.5
493,Justyn Ross,KC,6,WR155,,,358,,,358.0
494,Tucker Fisk,LAC,5,TE72,358,,722,,,540.0
495,Trey Palmer,TB,11,WR156,,,359,,,359.0
496,Bryce Perkins,,,QB72,362,,,,,362.0
497,Ben DiNucci,BUF,12,QB73,363,,629,,,496.0
498,Lil'Jordan Humphrey,DEN,14,WR157,364,,,,,364.0
499,Grant Calcaterra,PHI,5,TE73,365,,527,,,446.0
500,James McCourt,,,K50,366,,,,,366.0
501,Sam Howell,SEA,10,QB74,,,367,,,367.0
502,Jashaun Corbin,,,RB116,367,,719,,,543.0
503,Leonard Fournette,,,RB117,368,,,,,368.0
504,Will Mallory,IND,14,TE74,,,368,,,368.0
505,Max Duggan,,,QB75,369,,864,,,616.5
506,Stanley Berryhill,III,,WR158,370,,,,,370.0
507,Jameis Winston,CLE,10,QB76,435,,436,,,435.5
508,Lucky Jackson,MIN,6,WR159,441,,432,,,436.5
509,Jha'Quan Jackson,TEN,5,WR160,372,,896,,,634.0
510,Mitchell Trubisky,BUF,12,QB77,394,,480,,,437.0
511,Quez Watkins,PIT,9,WR161,428,,447,,,437.5
512,Patrick Ricard,BAL,14,RB118,391,,485,,,438.0
513,Israel Abanikanda,NYJ,12,RB119,485,,391,,,438.0
514,Devaughn Vele,DEN,14,WR162,375,,895,,,635.0
515,Marquez Valdes-Scantling,BUF,12,WR163,388,,490,,,439.0
516,Ty Johnson,BUF,12,RB120,,,378,,,378.0
517,Alec Ingold,MIA,6,RB121,378,,,,,378.0
518,Jake Funk,DET,5,RB122,379,,515,,,447.0
519,Robbie Gould,,,K51,380,,,,,380.0
520,Ryan Tannehill,,,QB78,409,,472,,,440.5
521,Trishton Jackson,MIN,6,WR164,383,,638,,,510.5
522,Jacob Cowing,SF,9,WR165,384,,782,,,583.0
523,Marcedes Lewis,CHI,7,TE75,386,,554,,,470.0
524,Pierre Strong Jr.,CLE,10,RB123,387,,696,,,541.5
525,Jordan Travis,NYJ,12,QB79,390,,780,,,585.0
526,C.J. Uzomah,,,TE76,455,,437,,,446.0
527,Gunner Olszewski,NYG,11,WR166,392,,624,,,508.0
528,Jimmy Graham,,,TE77,393,,,,,393.0
529,Charlie Smyth,NO,12,K52,,,395,,,395.0
530,Cameron Latu,SF,9,TE78,395,,544,,,469.5
531,AJ Barner,SEA,10,TE79,,,398,,,398.0
532,Velus Jones Jr.,CHI,7,WR167,398,,521,,,459.5
533,Allen Robinson II,NYG,11,WR168,399,,,,,399.0
534,Ameer Abdullah,LV,10,RB124,,,400,,,400.0
535,Drew Sample,CIN,12,TE80,401,,610,,,505.5
536,Johnny Mundt,MIN,6,TE81,,,403,,,403.0
537,Mack Hollins,BUF,12,WR169,423,,481,,,452.0
538,Tom Kennedy,DET,5,WR170,403,,811,,,607.0
539,Dare Ogunbowale,HOU,14,RB125,,,404,,,404.0
540,Ray-Ray McCloud III,ATL,12,WR171,,,405,,,405.0
541,DeeJay Dallas,ARI,11,RB126,405,,510,,,457.5
542,Josh Johnson,BAL,14,QB80,406,,553,,,479.5
543,Britain Covey,PHI,5,WR172,407,,528,,,467.5
544,Justin Jackson,,,RB127,408,,,,,408.0
545,Jarrett Stidham,DEN,14,QB81,,,410,,,410.0
546,Curtis Hodges,,,TE82,410,,,,,410.0
547,Malik Heath,GB,10,WR173,411,,546,,,478.5
548,Ryan Succop,,,K53,413,,,,,413.0
549,Emanuel Wilson,GB,10,RB128,448,,466,,,457.0
550,Chase Allen,,,TE83,414,,,,,414.0
551,Willie Snead,IV,,WR174,415,,559,,,487.0
552,Randy Bullock,,,K54,416,,,,,416.0
553,Michael Carter,ARI,11,RB129,,,416,,,416.0
554,Frank Gore Jr.,BUF,12,RB130,,,419,,,419.0
555,Brandon Allen,SF,9,QB82,443,,477,,,460.0
556,James Turner,,,K55,,,421,,,421.0
557,DeAndre Carter,CHI,7,WR175,421,,787,,,604.0
558,Benny Snell Jr.,,,RB131,422,,,,,422.0
559,Colson Yankoff,WAS,14,TE84,,,422,,,422.0
560,Malik Davis,DAL,7,RB132,,,423,,,423.0
561,Peyton Hendershot,DAL,7,TE85,,,424,,,424.0
562,James Proche II,CLE,10,WR176,424,,626,,,525.0
563,Henry Pearson,GB,10,RB133,425,,744,,,584.5
564,Darrell Henderson Jr.,,,RB134,426,,,,,426.0
565,Martavis Bryant,WAS,14,WR177,427,,557,,,492.0
566,Ryan Flournoy,DAL,7,WR178,429,,773,,,601.0
567,Emari Demercado,ARI,11,RB135,,,430,,,430.0
568,Tre'Quan Smith,DET,5,WR179,430,,795,,,612.5
569,Lucas Krull,DEN,14,TE86,432,,533,,,482.5
570,Travis Homer,CHI,7,RB136,433,,607,,,520.0
571,Jalen Wydermyer,,,TE87,434,,,,,434.0
572,Matt Breida,SF,9,RB137,451,,484,,,467.5
573,Kellen Mond,,,QB83,436,,839,,,637.5
574,Zach Pascal,ARI,11,WR180,456,,482,,,469.0
575,Ihmir Smith-Marsette,CAR,11,WR181,438,,667,,,552.5
576,Olamide Zaccheaus,WAS,14,WR182,440,,501,,,470.5
577,Will Dissly,LAC,5,TE88,,,442,,,442.0
578,Drew Ogletree,IND,14,TE89,442,,689,,,565.5
579,Foster Moreau,NO,12,TE90,,,443,,,443.0
580,Donald Parham Jr.,LAC,5,TE91,,,444,,,444.0
581,Raheem Blackshear,CAR,11,RB138,444,,724,,,584.0
582,Easton Stick,LAC,5,QB84,445,,612,,,528.5
583,KJ Hamler,BUF,12,WR183,,,446,,,446.0
584,Chris Streveler,,,QB85,446,,,,,446.0
585,Boston Scott,LAR,6,RB139,452,,495,,,473.5
586,D'Vonte Price,,,RB140,447,,,,,447.0
587,Andrew Beck,HOU,14,TE92,450,,498,,,474.0
588,Salvon Ahmed,,,RB141,,,448,,,448.0
589,Nick Westbrook-Ikhine,TEN,5,WR184,,,449,,,449.0
590,David Bell,CLE,10,WR185,495,,455,,,475.0
591,Deonte Harty,BAL,14,WR186,449,,622,,,535.5
592,Jaheim Bell,NE,14,TE93,483,,468,,,475.5
593,Dez Fitzpatrick,PIT,9,WR187,,,451,,,451.0
594,Sean Tucker,TB,11,RB142,453,,550,,,501.5
595,Xavier Hutchinson,HOU,14,WR188,454,,731,,,592.5
596,Jordan Akins,CLE,10,TE94,465,,493,,,479.0
597,Tyron Billy-Johnson,DAL,7,WR189,457,,618,,,537.5
598,Dareke Young,SEA,10,WR190,,,458,,,458.0
599,Maurice Alexander,DET,5,WR191,458,,725,,,591.5
600,James Mitchell,DET,5,TE95,459,,522,,,490.5
601,Zach Evans,LAR,6,RB143,,,460,,,460.0
602,Kenny McIntosh,SEA,10,RB144,,,461,,,461.0
603,River Cracraft,MIA,6,WR192,476,,486,,,481.0
604,Derius Davis,LAC,5,WR193,461,,740,,,600.5
605,Chris Rodriguez Jr.,WAS,14,RB145,,,462,,,462.0
606,Robbie Chosen,SF,9,WR194,462,,571,,,516.5
607,Ryan Griffin,,,QB86,463,,,,,463.0
608,Owen Wright,BAL,14,RB146,,,463,,,463.0
609,Jacob Eason,,,QB87,464,,633,,,548.5
610,E.J. Jenkins,PHI,5,TE96,,,465,,,465.0
611,Tyree Jackson,,,TE97,466,,599,,,532.5
612,Joe Reed,,,WR195,467,,,,,467.0
613,Cedrick Wilson Jr.,NO,12,WR196,477,,492,,,484.5
614,Ian Book,KC,6,QB88,468,,669,,,568.5
615,Xazavian Valladay,NYJ,12,RB147,469,,874,,,671.5
616,Tyrod Taylor,NYJ,12,QB89,,,470,,,470.0
617,Patrick Taylor Jr.,SF,9,RB148,470,,508,,,489.0
618,Chris Brooks,MIA,6,RB149,471,,549,,,510.0
619,Laquon Treadwell,IND,14,WR197,472,,,,,472.0
620,Spencer Shrader,IND,14,K56,,,473,,,473.0
621,Dee Eskridge,SEA,10,WR198,473,,517,,,495.0
622,Marcus Mariota,WAS,14,QB90,,,474,,,474.0
623,Scotty Miller,PIT,9,WR199,474,,615,,,544.5
624,Chris Conley,SF,9,WR200,,,475,,,475.0
625,Qadree Ollison,,,RB150,475,,,,,475.0
626,Sterling Shepard,TB,11,WR201,,,476,,,476.0
627,Michael Thomas,,,WR202,479,,,,,479.0
628,C.J. Beathard,JAC,12,QB91,,,479,,,479.0
629,Laviska Shenault Jr.,SEA,10,WR203,480,,509,,,494.5
630,Ellis Merriweather,GB,10,RB151,481,,769,,,625.0
631,Khari Blasingame,CHI,7,RB152,482,,,,,482.0
632,P.J. Walker,SEA,10,QB92,,,483,,,483.0
633,Scotty Washington,,,WR204,484,,812,,,648.0
634,Dominik Eberle,,,K57,486,,,,,486.0
635,Tyrion Davis-Price,PHI,5,RB153,487,,701,,,594.0
636,Nyheim Hines,CLE,10,RB154,,,488,,,488.0
637,Hunter Renfrow,,,WR205,488,,,,,488.0
638,Mason Rudolph,TEN,5,QB93,,,489,,,489.0
639,Michael Burton,DEN,14,RB155,489,,565,,,527.0
640,Melvin Gordon,III,,RB156,490,,,,,490.0
641,Tyquan Thornton,NE,14,WR206,491,,697,,,594.0
642,Trent Taylor,SF,9,WR207,492,,575,,,533.5
643,Ronald Jones,II,,RB157,493,,,,,493.0
644,Davis Mills,HOU,14,QB94,494,,661,,,577.5
645,Trent Sherfield Sr.,MIN,6,WR208,,,496,,,496.0
646,Tre' McKitty,BUF,12,TE98,496,,516,,,506.0
647,Trayveon Williams,CIN,12,RB158,,,497,,,497.0
648,Tyler Badie,DEN,14,RB159,497,,678,,,587.5
649,Sony Michel,,,RB160,498,,,,,498.0
650,Kenyan Drake,,,RB161,499,,,,,499.0
651,Brett Rypien,CHI,7,QB95,,,499,,,499.0
652,Hunter Long,LAR,6,TE99,500,,665,,,582.5
653,Devin Duvernay,JAC,12,WR209,,,503,,,503.0
654,Tyler Huntley,CLE,10,QB96,,,504,,,504.0
655,Isaiah Hodgins,NYG,11,WR210,,,505,,,505.0
656,Harrison Bryant,LV,10,TE100,,,507,,,507.0
657,Lawrence Cager,NYG,11,WR211,,,511,,,511.0
658,Kenny Yeboah,NYJ,12,TE101,,,512,,,512.0
659,Cornell Powell,KC,6,WR212,,,514,,,514.0
660,John Bates,WAS,14,TE102,,,518,,,518.0
661,Jack Stoll,NYG,11,TE103,,,519,,,519.0
662,John FitzPatrick,ATL,12,TE104,,,520,,,520.0
663,Tyler Goodson,IND,14,RB162,,,523,,,523.0
664,Isaiah Wooden,LAC,5,WR213,,,524,,,524.0
665,Bailey Zappe,NE,14,QB97,,,525,,,525.0
666,Jeremy Ruckert,NYJ,12,TE105,,,526,,,526.0
667,Chris Oladokun,KC,6,QB98,,,529,,,529.0
668,Danny Gray,SF,9,WR214,,,530,,,530.0
669,Brandon Johnson,DEN,14,WR215,,,531,,,531.0
670,Samson Nacua,NO,12,WR216,,,532,,,532.0
671,John Parker Romo,,,K58,,,534,,,534.0
672,Ronnie Rivers,LAR,6,RB163,,,535,,,535.0
673,Daylen Baldwin,ARI,11,WR217,,,536,,,536.0
674,Dorian Thompson-Robinson,CLE,10,QB99,,,538,,,538.0
675,Cedric Tillman,CLE,10,WR218,,,539,,,539.0
676,Josh Whyle,TEN,5,TE106,,,541,,,541.0
677,Duece Watts,PIT,9,WR219,,,545,,,545.0
678,Xavier Gipson,NYJ,12,WR220,,,547,,,547.0
679,Princeton Fant,DAL,7,TE107,,,548,,,548.0
680,Jase McClellan,ATL,12,RB164,,,551,,,551.0
681,Jamari Thrash,CLE,10,WR221,,,552,,,552.0
682,Brandon Bolden,,,RB165,,,555,,,555.0
683,Case Keenum,HOU,14,QB100,,,556,,,556.0
684,Logan Thomas,SF,9,TE108,,,558,,,558.0
685,DeVante Parker,,,WR222,,,561,,,561.0
686,Jamison Crowder,WAS,14,WR223,,,562,,,562.0
687,Phillip Dorsett II,DEN,14,WR224,,,563,,,563.0
688,Chris Manhertz,NYG,11,TE109,,,564,,,564.0
689,Taylor Heinicke,ATL,12,QB101,,,566,,,566.0
690,Chris Moore,ARI,11,WR225,,,567,,,567.0
691,Jeff Driskel,WAS,14,QB102,,,568,,,568.0
692,Nate Sudfeld,DET,5,QB103,,,569,,,569.0
693,John Ross,PHI,5,WR226,,,572,,,572.0
694,Eric Saubert,SF,9,TE110,,,573,,,573.0
695,Isaiah McKenzie,NYG,11,WR227,,,574,,,574.0
696,Tarik Cohen,,,RB166,,,576,,,576.0
697,Anthony Firkser,NYJ,12,TE111,,,577,,,577.0
698,Nick Mullens,MIN,6,QB104,,,578,,,578.0
699,Robert Tonyan,MIN,6,TE112,,,579,,,579.0
700,Daurice Fountain,DET,5,WR228,,,580,,,580.0
701,Chase Edmonds,TB,11,RB167,,,581,,,581.0
702,Godwin Igwebuike,,,RB168,,,582,,,582.0
703,Ian Thomas,CAR,11,TE113,,,584,,,584.0
704,James Washington,,,WR229,,,585,,,585.0
705,David Wells,TB,11,TE114,,,586,,,586.0
706,Logan Woodside,CIN,12,QB105,,,587,,,587.0
707,Russell Gage,BAL,14,WR230,,,588,,,588.0
708,Mike Boone,CAR,11,RB169,,,589,,,589.0
709,Keith Kirkwood,BAL,14,WR231,,,590,,,590.0
710,KhaDarel Hodge,ATL,12,WR232,,,591,,,591.0
711,Malik Turner,SF,9,WR233,,,592,,,592.0
712,John Wolford,TB,11,QB106,,,593,,,593.0
713,Myles Gaskin,MIN,6,RB170,,,594,,,594.0
714,Emani Bailey,KC,6,RB171,,,595,,,595.0
715,Thomas Yassmin,DEN,14,TE115,,,596,,,596.0
716,Dylan Leonard,,,TE116,,,597,,,597.0
717,Ahmarean Brown,CLE,10,WR234,,,598,,,598.0
718,Jack Plummer,CAR,11,QB107,,,600,,,600.0
719,Stanley Morgan Jr.,NO,12,WR235,,,601,,,601.0
720,Baylor Cupp,KC,6,TE117,,,602,,,602.0
721,Miles Boykin,NYG,11,WR236,,,603,,,603.0
722,Isaiah Williams,DET,5,WR237,,,604,,,604.0
723,Zach Gentry,LV,10,TE118,,,605,,,605.0
724,N'Keal Harry,MIN,6,WR238,,,606,,,606.0
725,John Rhys Plumlee,PIT,9,QB108,,,608,,,608.0
726,Alex Hale,GB,10,K59,,,609,,,609.0
727,Jalen Guyton,LV,10,WR239,,,613,,,613.0
728,Ramon Jefferson,TB,11,RB172,,,614,,,614.0
729,Terique Owens,,,WR240,,,616,,,616.0
730,Trey Knox,MIN,6,TE119,,,617,,,617.0
731,Dee Williams,SEA,10,WR241,,,619,,,619.0
732,Malik Taylor,NYJ,12,WR242,,,620,,,620.0
733,Stephen Carlson,CHI,7,TE120,,,621,,,621.0
734,D'Ernest Johnson,JAC,12,RB173,,,623,,,623.0
735,Derrick Gore,,,RB174,,,625,,,625.0
736,Jake Fromm,DET,5,QB109,,,627,,,627.0
737,Jacques Patrick,,,RB175,,,628,,,628.0
738,Sean McKeon,DET,5,TE121,,,630,,,630.0
739,Tyrie Cleveland,IND,14,WR243,,,631,,,631.0
740,Josiah Deguara,JAC,12,TE122,,,632,,,632.0
741,Tyler Davis,GB,10,TE123,,,634,,,634.0
742,Collin Johnson,CHI,7,WR244,,,635,,,635.0
743,James Robinson,NO,12,RB176,,,636,,,636.0
744,Harrison Mevis,,,K60,,,637,,,637.0
745,Easop Winston Jr.,SEA,10,WR245,,,639,,,639.0
746,Dan Chisena,ARI,11,WR246,,,640,,,640.0
747,Dalton Keene,HOU,14,TE124,,,641,,,641.0
748,Denzel Mims,JAC,12,WR247,,,643,,,643.0
749,La'Mical Perine,PIT,9,RB177,,,644,,,644.0
750,Jonathan Ward,PIT,9,RB178,,,645,,,645.0
751,Joshua Kelley,NYG,11,RB179,,,646,,,646.0
752,JaMycal Hasty,NE,14,RB180,,,647,,,647.0
753,Tyler Mabry,SEA,10,TE125,,,648,,,648.0
754,Freddie Swain,,,WR248,,,649,,,649.0
755,Ke'Shawn Vaughn,SF,9,RB181,,,650,,,650.0
756,Marquez Callaway,,,WR249,,,651,,,651.0
757,Reggie Gilliam,BUF,12,RB182,,,652,,,652.0
758,Kristian Wilkerson,LV,10,WR250,,,653,,,653.0
759,Spencer Brown,ATL,12,RB183,,,654,,,654.0
760,Tarik Black,,,WR251,,,655,,,655.0
761,Tim Jones,JAC,12,WR252,,,656,,,656.0
762,DJ Turner,LV,10,WR253,,,657,,,657.0
763,Mathew Sexton,,,WR254,,,658,,,658.0
764,Sammis Reyes,MIN,6,TE126,,,659,,,659.0
765,Terrace Marshall Jr.,CAR,11,WR255,,,660,,,660.0
766,Sam Ehlinger,IND,14,QB110,,,662,,,662.0
767,Jacob Harris,PHI,5,TE127,,,663,,,663.0
768,Ben Skowronek,HOU,14,WR256,,,664,,,664.0
769,Zach Davidson,BUF,12,TE128,,,666,,,666.0
770,Kawaan Baker,NE,14,WR257,,,668,,,668.0
771,Kyle Trask,TB,11,QB111,,,670,,,670.0
772,Quintin Morris,BUF,12,TE129,,,671,,,671.0
773,Adam Prentice,NO,12,RB184,,,672,,,672.0
774,Ian Wheeler,CHI,7,RB185,,,673,,,673.0
775,Austin Watkins Jr.,PHI,5,WR258,,,674,,,674.0
776,Jaret Patterson,LAC,5,RB186,,,675,,,675.0
777,Michael Bandy,DEN,14,WR259,,,676,,,676.0
778,Desmond Ridder,ARI,11,QB112,,,677,,,677.0
779,Charlie Kolar,BAL,14,TE130,,,679,,,679.0
780,Rocky Lombardi,,,QB113,,,681,,,681.0
781,Michael Woods II,CLE,10,WR260,,,682,,,682.0
782,Montrell Washington,KC,6,WR261,,,683,,,683.0
783,Kobe Lewis,SEA,10,RB187,,,685,,,685.0
784,Malik Willis,TEN,5,QB114,,,686,,,686.0
785,Kyle Sheets,KC,6,WR262,,,687,,,687.0
786,Nikola Kalinic,LAR,6,TE131,,,688,,,688.0
787,Snoop Conner,DAL,7,RB188,,,690,,,690.0
788,Dallin Holker,NO,12,TE132,,,691,,,691.0
789,Brittain Brown,LV,10,RB189,,,692,,,692.0
790,Erik Ezukanma,MIA,6,WR263,,,693,,,693.0
791,Skylar Thompson,MIA,6,QB115,,,694,,,694.0
792,Kedon Slovis,IND,14,QB116,,,695,,,695.0
793,Jason Bean,IND,14,QB117,,,698,,,698.0
794,Zander Horvath,MIA,6,RB190,,,699,,,699.0
795,Isaiah Spiller,LAC,5,RB191,,,700,,,700.0
796,Jude McAtamney,NYG,11,K61,,,702,,,702.0
797,Brayden Narveson,TEN,5,K62,,,703,,,703.0
798,Austin Jones,WAS,14,RB192,,,705,,,705.0
799,Nathaniel Peat,DAL,7,RB193,,,706,,,706.0
800,Kyric McGowan,MIA,6,WR264,,,707,,,707.0
801,Cody Schrader,SF,9,RB194,,,708,,,708.0
802,David Martin-Robinson,TEN,5,TE133,,,709,,,709.0
803,Tyreik McAllister,LV,10,RB195,,,710,,,710.0
804,Julius Chestnut,TEN,5,RB196,,,711,,,711.0
805,Jalen Jackson,JAC,12,RB197,,,712,,,712.0
806,Troy Hairston II,HOU,14,RB198,,,713,,,713.0
807,British Brooks,HOU,14,RB199,,,714,,,714.0
808,Xavier Weaver,ARI,11,WR265,,,715,,,715.0
809,Jalon Calhoun,DET,5,WR266,,,716,,,716.0
810,George Holani,SEA,10,RB200,,,717,,,717.0
811,Braylon Sanders,MIA,6,WR267,,,718,,,718.0
812,Tay Martin,SF,9,WR268,,,720,,,720.0
813,Deven Thompkins,,,WR269,,,721,,,721.0
814,Rodney Williams,PIT,9,TE134,,,723,,,723.0
815,Josh Ali,ATL,12,WR270,,,726,,,726.0
816,Justin Shorter,BUF,12,WR271,,,727,,,727.0
817,Antoine Green,,,WR272,,,729,,,729.0
818,Lew Nichols III,PHI,5,RB201,,,730,,,730.0
819,Brenton Strange,JAC,12,TE135,,,733,,,733.0
820,Xavier Smith,LAR,6,WR273,,,734,,,734.0
821,Kayshon Boutte,NE,14,WR274,,,736,,,736.0
822,Zack Kuntz,NYJ,12,TE136,,,737,,,737.0
823,Tanner McKee,PHI,5,QB118,,,738,,,738.0
824,Clayton Tune,ARI,11,QB119,,,739,,,739.0
825,Brayden Willis,SF,9,TE137,,,741,,,741.0
826,Payne Durham,TB,11,TE138,,,742,,,742.0
827,Travis Vokolek,ARI,11,TE139,,,743,,,743.0
828,Jason Brownlee,NYJ,12,WR275,,,745,,,745.0
829,Brady Russell,SEA,10,TE140,,,746,,,746.0
830,Nikko Remigio,KC,6,WR276,,,747,,,747.0
831,Jordan Mims,NO,12,RB202,,,748,,,748.0
832,Jalen Wayne,GB,10,WR277,,,749,,,749.0
833,Shedrick Jackson,CIN,12,WR278,,,750,,,750.0
834,Hassan Hall,ARI,11,RB203,,,751,,,751.0
835,Jarveon Howard,GB,10,RB204,,,752,,,752.0
836,Hunter Luepke,DAL,7,RB205,,,753,,,753.0
837,John Stephens Jr.,DAL,7,WR279,,,754,,,754.0
838,Nate Adkins,DEN,14,TE141,,,755,,,755.0
839,Adrian Martinez,NYJ,12,QB120,,,756,,,756.0
840,Jared Wayne,,,WR280,,,757,,,757.0
841,Jack Podlesny,,,K63,,,758,,,758.0
842,Malik Cunningham,BAL,14,QB121,,,759,,,759.0
843,Shaquan Davis,NO,12,WR281,,,760,,,760.0
844,Jack Colletto,PIT,9,RB206,,,761,,,761.0
845,Isaiah Winstead,NYJ,12,WR282,,,762,,,762.0
846,Griffin Hebert,PHI,5,TE142,,,763,,,763.0
847,Tre'Shaun Harrison,TEN,5,WR283,,,764,,,764.0
848,Jacob Copeland,PIT,9,WR284,,,765,,,765.0
849,Elijah Dotson,LAC,5,RB207,,,766,,,766.0
850,Rakim Jarrett,TB,11,WR285,,,767,,,767.0
851,Kazmeir Allen,WAS,14,WR286,,,768,,,768.0
852,Jordan Murray,IND,14,TE143,,,770,,,770.0
853,Joel Wilson,GB,10,TE144,,,771,,,771.0
854,Tanner McLachlan,CIN,12,TE145,,,772,,,772.0
855,Michael Pratt,GB,10,QB122,,,775,,,775.0
856,Jawhar Jordan,HOU,14,RB208,,,776,,,776.0
857,Keilan Robinson,JAC,12,RB209,,,777,,,777.0
858,Dante Miller,NYG,11,RB210,,,778,,,778.0
859,Isaiah Davis,NYJ,12,RB211,,,779,,,779.0
860,Tip Reiman,ARI,11,TE146,,,781,,,781.0
861,Devin Culp,TB,11,TE147,,,783,,,783.0
862,Chris Collier,BAL,14,RB212,,,784,,,784.0
863,Dayton Wade,BAL,14,WR287,,,785,,,785.0
864,Jordan Matthews,CAR,11,WR288,,,786,,,786.0
865,Nick Vannett,TEN,5,TE148,,,789,,,789.0
866,Jeremy McNichols,WAS,14,RB213,,,790,,,790.0
867,Nathan Peterman,LV,10,QB123,,,791,,,791.0
868,John Kelly Jr.,BAL,14,RB214,,,792,,,792.0
869,Anthony Miller,BAL,14,WR289,,,793,,,793.0
870,Jordan Thomas,ATL,12,TE149,,,796,,,796.0
871,Deontay Burnett,DAL,7,WR290,,,797,,,797.0
872,Cam Sims,,,WR291,,,798,,,798.0
873,Luis Perez,LAC,5,QB124,,,799,,,799.0
874,Alex McGough,,,QB125,,,800,,,800.0
875,Tim Boyle,HOU,14,QB126,,,801,,,801.0
876,David Sills,DEN,14,WR292,,,802,,,802.0
877,Tommy Sweeney,,,TE150,,,803,,,803.0
878,Matt Sokol,PIT,9,TE151,,,804,,,804.0
879,Davion Davis,WAS,14,WR293,,,805,,,805.0
880,Steven Sims Jr.,HOU,14,WR294,,,806,,,806.0
881,Austin Walter,,,RB215,,,807,,,807.0
882,Parker Hesse,DET,5,TE152,,,808,,,808.0
883,Alex Bachman,LV,10,WR295,,,809,,,809.0
884,Nsimba Webster,CHI,7,WR296,,,810,,,810.0
885,Mitchell Wilcox,NE,14,TE153,,,813,,,813.0
886,Darrynton Evans,BUF,12,RB216,,,815,,,815.0
887,Jake Luton,CAR,11,QB127,,,816,,,816.0
888,Cody White,SEA,10,WR297,,,817,,,817.0
889,Tony Jones Jr.,ARI,11,RB217,,,818,,,818.0
890,Austin Mack,,,WR298,,,819,,,819.0
891,Jalen Reagor,NE,14,WR299,,,820,,,820.0
892,Noah Togiai,,,TE154,,,821,,,821.0
893,Charlie Woerner,ATL,12,TE155,,,823,,,823.0
894,Tommy Hudson,NO,12,TE156,,,824,,,824.0
895,Mason Kinsey,TEN,5,WR300,,,825,,,825.0
896,Chris Blair,ATL,12,WR301,,,826,,,826.0
897,Deon Jackson,NYJ,12,RB218,,,827,,,827.0
898,Mike Strachan,CAR,11,WR302,,,828,,,828.0
899,Avery Williams,ATL,12,RB219,,,829,,,829.0
900,Ben Mason,,,RB220,,,830,,,830.0
901,Shi Smith,,,WR303,,,831,,,831.0
902,Demetric Felton Jr.,IND,14,RB221,,,832,,,832.0
903,Simi Fehoko,LAC,5,WR304,,,833,,,833.0
904,Seth Williams,JAC,12,WR305,,,834,,,834.0
905,Racey McMath,DAL,7,WR306,,,835,,,835.0
906,Jalen Camp,,,WR307,,,836,,,836.0
907,Luke Farrell,JAC,12,TE157,,,837,,,837.0
908,Gerrid Doaks,,,RB222,,,838,,,838.0
909,Gary Brightwell,JAC,12,RB223,,,840,,,840.0
910,Hunter Kampmoyer,DEN,14,TE158,,,841,,,841.0
911,Jaelon Darden,CLE,10,WR308,,,842,,,842.0
912,Feleipe Franks,CAR,11,QB128,,,843,,,843.0
913,Austin Trammell,JAC,12,WR309,,,844,,,844.0
914,Brandon Smith,NYJ,12,WR310,,,845,,,845.0
915,Sage Surratt,ARI,11,WR311,,,846,,,846.0
916,Miller Forristall,LAR,6,TE159,,,847,,,847.0
917,Shane Buechele,BUF,12,QB129,,,848,,,848.0
918,Bernhard Seikovits,ARI,11,TE160,,,849,,,849.0
919,Zaire Mitchell-Paden,CLE,10,TE161,,,850,,,850.0
920,Aaron Shampklin,PIT,9,RB224,,,851,,,851.0
921,Kaden Davis,DET,5,WR312,,,852,,,852.0
922,Johnny Johnson III,HOU,14,WR313,,,854,,,854.0
923,Tanner Conner,MIA,6,TE162,,,856,,,856.0
924,Chris Pierce Jr.,,,TE163,,,857,,,857.0
925,Stone Smartt,LAC,5,TE164,,,858,,,858.0
926,Grant DuBose,GB,10,WR314,,,859,,,859.0
927,Colton Dowell,TEN,5,WR315,,,860,,,860.0
928,Evan Hull,IND,14,RB225,,,861,,,861.0
929,Dresser Winn,LAR,6,QB130,,,862,,,862.0
930,Jake Haener,NO,12,QB131,,,863,,,863.0
931,Sean Ryan,BAL,14,WR316,,,865,,,865.0
932,Robert Burns,ATL,12,RB226,,,866,,,866.0
933,Thyrick Pitts,,,WR317,,,867,,,867.0
934,Bryce Ford-Wheaton,NYG,11,WR318,,,868,,,868.0
935,T.J. Luther,PIT,9,WR319,,,869,,,869.0
936,Joseph Ngata,PHI,5,WR320,,,870,,,870.0
937,Carlos Washington Jr.,ATL,12,RB227,,,871,,,871.0
938,David Durden,DAL,7,WR321,,,872,,,872.0
939,Chase Cota,NYG,11,WR322,,,873,,,873.0
940,Elijah Cooks,JAC,12,WR323,,,875,,,875.0
941,Jaray Jenkins,PIT,9,WR324,,,876,,,876.0
942,Blake Whiteheart,ARI,11,TE165,,,877,,,877.0
943,Daewood Davis,,,WR325,,,878,,,878.0
944,Ben Sims,GB,10,TE166,,,879,,,879.0
945,Thayer Thomas,MIN,6,WR326,,,880,,,880.0
946,Malik Knowles,MIN,6,WR327,,,881,,,881.0
947,Cephus Johnson III,TB,11,WR328,,,882,,,882.0
948,Matt Landers,NE,14,WR329,,,884,,,884.0
949,Tyrell Shavers,BUF,12,WR330,,,885,,,885.0
950,Bryan Thompson,,,WR331,,,886,,,886.0
951,Kearis Jackson,TEN,5,WR332,,,887,,,887.0
952,Izaiah Gathings,,,TE167,,,888,,,888.0
953,Terrell Bynum,LV,10,WR333,,,889,,,889.0
954,Tanner Taula,TB,11,TE168,,,890,,,890.0
955,Mitchell Tinsley,WAS,14,WR334,,,891,,,891.0
956,Casey Washington,ATL,12,WR335,,,892,,,892.0
957,Devin Leary,BAL,14,QB132,,,893,,,893.0
958,Erick All Jr.,CIN,12,TE169,,,894,,,894.0
959,Anthony Gould,IND,14,WR336,,,897,,,897.0
960,Patrick Murtagh,JAC,12,TE170,,,898,,,898.0
961,Bub Means,NO,12,WR337,,,899,,,899.0
962,Tejhaun Palmer,ARI,11,WR338,,,900,,,900.0
